gemeentenaam,gemeentecode,mate_van_stedelijkheid,omgevingsadressendichtheid
Aa en Hunze,GM1680,5,283
Aalsmeer,GM0358,4,940
Aalten,GM0197,4,778
Achtkarspelen,GM0059,5,434
Alblasserdam,GM0482,2,1527
Albrandswaard,GM0613,3,1044
Alkmaar,GM0361,2,2314
Almelo,GM0141,2,1604
Almere,GM0034,2,1620
Alphen aan den Rijn,GM0484,2,1884
Alphen-Chaam,GM1723,5,324
Altena,GM1959,4,508
Ameland,GM0060,5,260
Amersfoort,GM0307,2,2378
Amstelveen,GM0362,1,2509
Amsterdam,GM0363,1,6142
Apeldoorn,GM0200,2,1776
Arnhem,GM0202,2,2284
Assen,GM0106,2,1588
Asten,GM0743,3,1000
Baarle-Nassau,GM0744,5,353
Baarn,GM0308,2,1624
Barendrecht,GM0489,2,1680
Barneveld,GM0203,4,889
Beek,GM0888,4,892
Beekdaelen,GM1954,4,500
Beesel,GM0889,4,758
Berg en Dal,GM1945,4,651
Bergeijk,GM1724,4,511
Bergen (L.),GM0893,5,318
Bergen (NH.),GM0373,4,821
Bergen op Zoom,GM0748,2,1860
Berkelland,GM1859,4,657
Bernheze,GM1721,4,692
Best,GM0753,3,1452
Beuningen,GM0209,3,1006
Beverwijk,GM0375,1,2753
De Bilt,GM0310,3,1277
Bladel,GM1728,4,698
Blaricum,GM0376,3,1088
Bloemendaal,GM0377,3,1091
Bodegraven-Reeuwijk,GM1901,3,1150
Boekel,GM0755,4,560
Borger-Odoorn,GM1681,5,262
Borne,GM0147,3,1247
Borsele,GM0654,5,323
Boxtel,GM0757,3,1168
Breda,GM0758,2,2219
Brielle,GM0501,4,911
Bronckhorst,GM1876,5,381
Brummen,GM0213,4,781
Brunssum,GM0899,2,1669
Bunnik,GM0312,4,677
Bunschoten,GM0313,3,1202
Buren,GM0214,5,294
Capelle aan den IJssel,GM0502,2,2324
Castricum,GM0383,3,1349
Coevorden,GM0109,4,502
Cranendonck,GM1706,4,597
Culemborg,GM0216,3,1482
Dalfsen,GM0148,4,514
Dantumadiel,GM1891,5,458
Delft,GM0503,1,3606
Deurne,GM0762,4,898
Deventer,GM0150,2,1836
Diemen,GM0384,1,2907
Dijk en Waard,GM1980,3,1449
Dinkelland,GM1774,5,472
Doesburg,GM0221,4,797
Doetinchem,GM0222,3,1166
Dongen,GM0766,3,1235
Dordrecht,GM0505,1,2526
Drechterland,GM0498,4,508
Drimmelen,GM1719,4,795
Dronten,GM0303,4,781
Druten,GM0225,4,810
Duiven,GM0226,3,1158
Echt-Susteren,GM1711,4,716
Edam-Volendam,GM0385,3,1320
Ede,GM0228,2,1581
Eemnes,GM0317,4,960
Eemsdelta,GM1979,4,706
Eersel,GM0770,4,586
Eijsden-Margraten,GM1903,5,467
Eindhoven,GM0772,1,2766
Elburg,GM0230,4,687
Emmen,GM0114,4,861
Enkhuizen,GM0388,3,1384
Enschede,GM0153,2,2200
Epe,GM0232,4,732
Ermelo,GM0233,4,921
Etten-Leur,GM0777,2,1675
De Fryske Marren,GM1940,4,557
Geertruidenberg,GM0779,3,1115
Geldrop-Mierlo,GM1771,3,1372
Gemert-Bakel,GM1652,4,792
Gennep,GM0907,4,651
Gilze en Rijen,GM0784,3,1091
Goeree-Overflakkee,GM1924,4,632
Goes,GM0664,3,1366
Goirle,GM0785,3,1188
Gooise Meren,GM1942,2,1908
Gorinchem,GM0512,2,1739
Gouda,GM0513,1,2549
's-Gravenhage,GM0518,1,5016
Groningen,GM0014,1,3373
Gulpen-Wittem,GM1729,5,285
Haaksbergen,GM0158,3,1042
Haarlem,GM0392,1,3611
Haarlemmermeer,GM0394,2,1528
Halderberge,GM1655,4,760
Hardenberg,GM0160,4,568
Harderwijk,GM0243,2,1567
Hardinxveld-Giessendam,GM0523,4,987
Harlingen,GM0072,3,1068
Hattem,GM0244,4,849
Heemskerk,GM0396,2,2352
Heemstede,GM0397,2,1782
Heerde,GM0246,4,625
Heerenveen,GM0074,3,1092
Heerlen,GM0917,2,1830
Heeze-Leende,GM1658,4,585
Heiloo,GM0399,3,1376
Den Helder,GM0400,2,1692
Hellendoorn,GM0163,4,825
Hellevoetsluis,GM0530,2,1528
Helmond,GM0794,2,1811
Hendrik-Ido-Ambacht,GM0531,2,1862
Hengelo,GM0164,2,1860
's-Hertogenbosch,GM0796,2,1998
Heumen,GM0252,4,797
Heusden,GM0797,3,1108
Hillegom,GM0534,2,1580
Hilvarenbeek,GM0798,4,593
Hilversum,GM0402,1,2781
Hoeksche Waard,GM1963,4,834
Hof van Twente,GM1735,4,608
Het Hogeland,GM1966,5,415
Hollands Kroon,GM1911,5,439
Hoogeveen,GM0118,3,1222
Hoorn,GM0405,2,1709
Horst aan de Maas,GM1507,4,576
Houten,GM0321,2,1563
Huizen,GM0406,2,2048
Hulst,GM0677,4,513
IJsselstein,GM0353,2,1869
Kaag en Braassem,GM1884,4,655
Kampen,GM0166,3,1480
Kapelle,GM0678,4,656
Katwijk,GM0537,2,2173
Kerkrade,GM0928,2,1757
Koggenland,GM1598,5,435
Krimpen aan den IJssel,GM0542,2,1967
Krimpenerwaard,GM1931,4,789
Laarbeek,GM1659,4,652
Land van Cuijk,GM1982,4,638
Landgraaf,GM0882,3,1456
Landsmeer,GM0415,3,1038
Lansingerland,GM1621,3,1342
Laren,GM0417,3,1108
Leeuwarden,GM0080,2,2173
Leiden,GM0546,1,3848
Leiderdorp,GM0547,1,2522
Leidschendam-Voorburg,GM1916,1,2949
Lelystad,GM0995,3,1397
Leudal,GM1640,5,394
Leusden,GM0327,3,1276
Lingewaard,GM1705,4,968
Lisse,GM0553,2,1652
Lochem,GM0262,4,601
Loon op Zand,GM0809,3,1065
Lopik,GM0331,5,371
Losser,GM0168,4,754
Maasdriel,GM0263,5,484
Maasgouw,GM1641,5,444
Maashorst,GM1991,3,1176
Maassluis,GM0556,2,2053
Maastricht,GM0935,1,2549
Medemblik,GM0420,4,527
Meerssen,GM0938,4,618
Meierijstad,GM1948,3,1006
Meppel,GM0119,3,1290
Middelburg,GM0687,2,1755
Midden-Delfland,GM1842,3,1343
Midden-Drenthe,GM1731,5,408
Midden-Groningen,GM1952,4,867
Moerdijk,GM1709,4,747
Molenlanden,GM1978,5,398
Montferland,GM1955,4,767
Montfoort,GM0335,4,753
Mook en Middelaar,GM0944,5,435
Neder-Betuwe,GM1740,5,448
Nederweert,GM0946,4,648
Nieuwegein,GM0356,2,1950
Nieuwkoop,GM0569,4,505
Nijkerk,GM0267,3,1130
Nijmegen,GM0268,2,2410
Nissewaard,GM1930,2,2061
Noardeast-Fryslân,GM1970,5,467
Noord-Beveland,GM1695,5,241
Noordenveld,GM1699,4,687
Noordoostpolder,GM0171,4,735
Noordwijk,GM0575,3,1425
"Nuenen, Gerwen en Nederwetten",GM0820,3,1120
Nunspeet,GM0302,4,806
Oegstgeest,GM0579,2,1772
Oirschot,GM0823,4,626
Oisterwijk,GM0824,4,935
Oldambt,GM1895,4,831
Oldebroek,GM0269,4,657
Oldenzaal,GM0173,3,1484
Olst-Wijhe,GM1773,5,476
Ommen,GM0175,4,515
Oost Gelre,GM1586,4,739
Oosterhout,GM0826,2,1553
Ooststellingwerf,GM0085,5,481
Oostzaan,GM0431,3,1064
Opmeer,GM0432,4,539
Opsterland,GM0086,5,421
Oss,GM0828,3,1424
Oude IJsselstreek,GM1509,4,653
Ouder-Amstel,GM0437,3,1330
Oudewater,GM0589,4,845
Overbetuwe,GM1734,4,813
Papendrecht,GM0590,2,1918
Peel en Maas,GM1894,4,589
Pekela,GM0765,4,534
Pijnacker-Nootdorp,GM1926,2,1563
Purmerend,GM0439,2,2134
Putten,GM0273,4,921
Raalte,GM0177,4,667
Reimerswaal,GM0703,4,521
Renkum,GM0274,4,922
Renswoude,GM0339,4,529
Reusel-De Mierden,GM1667,4,574
Rheden,GM0275,3,1463
Rhenen,GM0340,4,930
Ridderkerk,GM0597,2,1749
Rijssen-Holten,GM1742,3,1097
Rijswijk,GM0603,1,3208
Roerdalen,GM1669,5,390
Roermond,GM0957,2,1583
De Ronde Venen,GM0736,4,886
Roosendaal,GM1674,2,1756
Rotterdam,GM0599,1,4022
Rozendaal,GM0277,4,948
Rucphen,GM0840,4,677
Schagen,GM0441,4,749
Scherpenzeel,GM0279,4,948
Schiedam,GM0606,1,3338
Schiermonnikoog,GM0088,5,321
Schouwen-Duiveland,GM1676,5,491
Simpelveld,GM0965,4,685
Sint-Michielsgestel,GM0845,4,647
Sittard-Geleen,GM1883,2,1511
Sliedrecht,GM0610,2,1637
Sluis,GM1714,5,433
Smallingerland,GM0090,3,1344
Soest,GM0342,3,1471
Someren,GM0847,4,750
Son en Breugel,GM0848,4,715
Stadskanaal,GM0037,4,840
Staphorst,GM0180,5,359
Stede Broec,GM0532,3,1151
Steenbergen,GM0851,4,739
Steenwijkerland,GM1708,4,594
Stein,GM0971,4,905
Stichtse Vecht,GM1904,3,1197
Súdwest-Fryslân,GM1900,4,852
Terneuzen,GM0715,4,876
Terschelling,GM0093,5,250
Texel,GM0448,5,492
Teylingen,GM1525,3,1410
Tholen,GM0716,5,494
Tiel,GM0281,3,1456
Tilburg,GM0855,1,2835
Tubbergen,GM0183,5,295
Twenterand,GM1700,4,601
Tynaarlo,GM1730,4,512
Tytsjerksteradiel,GM0737,5,478
Uitgeest,GM0450,3,1105
Uithoorn,GM0451,3,1453
Urk,GM0184,3,1081
Utrecht,GM0344,1,3532
Utrechtse Heuvelrug,GM1581,4,791
Vaals,GM0981,3,1065
Valkenburg aan de Geul,GM0994,4,676
Valkenswaard,GM0858,3,1489
Veendam,GM0047,3,1010
Veenendaal,GM0345,2,2222
Veere,GM0717,5,347
Veldhoven,GM0861,2,1679
Velsen,GM0453,2,1866
Venlo,GM0983,2,1663
Venray,GM0984,3,1031
Vijfheerenlanden,GM1961,4,913
Vlaardingen,GM0622,1,2821
Vlieland,GM0096,5,212
Vlissingen,GM0718,2,1958
Voerendaal,GM0986,4,548
Voorschoten,GM0626,2,1859
Voorst,GM0285,4,581
Vught,GM0865,3,1176
Waadhoeke,GM1949,5,469
Waalre,GM0866,4,881
Waalwijk,GM0867,3,1334
Waddinxveen,GM0627,2,1576
Wageningen,GM0289,2,2111
Wassenaar,GM0629,3,1443
Waterland,GM0852,4,642
Weert,GM0988,3,1351
Weesp,GM0457,2,1799
West Betuwe,GM1960,5,463
West Maas en Waal,GM0668,5,431
Westerkwartier,GM1969,5,483
Westerveld,GM1701,5,214
Westervoort,GM0293,3,1159
Westerwolde,GM1950,5,287
Westland,GM1783,3,1455
Weststellingwerf,GM0098,4,683
Westvoorne,GM0614,4,623
Wierden,GM0189,4,713
Wijchen,GM0296,3,1236
Wijdemeren,GM1696,4,600
Wijk bij Duurstede,GM0352,3,1148
Winterswijk,GM0294,3,1216
Woensdrecht,GM0873,4,666
Woerden,GM0632,3,1391
De Wolden,GM1690,5,313
Wormerland,GM0880,3,1453
Woudenberg,GM0351,4,986
Zaanstad,GM0479,2,2088
Zaltbommel,GM0297,4,706
Zandvoort,GM0473,2,1822
Zeewolde,GM0050,4,839
Zeist,GM0355,2,1613
Zevenaar,GM0299,3,1043
Zoetermeer,GM0637,1,2523
Zoeterwoude,GM0638,4,837
Zuidplas,GM1892,3,1199
Zundert,GM0879,4,577
Zutphen,GM0301,2,1663
Zwartewaterland,GM1896,4,726
Zwijndrecht,GM0642,2,2089
Zwolle,GM0193,2,2094
