idx,fid,th_seq,sTP1,sTP1_1_5,TP1,TP1_1_5,TP2,TP3_1,TP3_2,TP4_1,TP4_2,TP5_1,TP5_1_a,TP5_1_1_4,TP5_1_1_5,TP5_1_1_6,TP5_1_1_7,TP5_1_1_8,TP5_1_2_1,TP5_1_2_2,TP5_1_2_3,TP5_1_2_4,TP5_1_10,TP5_1_11_1,TP5_1_11_2,TP5_1_11_3,TP5_1_11_4,TP5_1_12_1,TP5_1_12_2,TP5_1_13,TP5_1_14,TP5_1_t1,TP5_2,TP5_2_a,TP5_2_1_4,TP5_2_1_5,TP5_2_1_6,TP5_2_1_7,TP5_2_1_8,TP5_2_2_1,TP5_2_2_2,TP5_2_2_3,TP5_2_2_4,TP5_2_10,TP5_2_11_1,TP5_2_11_2,TP5_2_11_3,TP5_2_11_4,TP5_2_12_1,TP5_2_12_2,TP5_2_13,TP5_2_14,TP5_2_t1,TP5_3,TP5_3_a,TP5_3_1_4,TP5_3_1_5,TP5_3_1_6,TP5_3_1_7,TP5_3_1_8,TP5_3_2_1,TP5_3_2_2,TP5_3_2_3,TP5_3_2_4,TP5_3_10,TP5_3_11_1,TP5_3_11_2,TP5_3_11_3,TP5_3_11_4,TP5_3_12_1,TP5_3_12_2,TP5_3_13,TP5_3_14,TP5_3_t1,TP5_4,TP5_4_a,TP5_4_1_4,TP5_4_1_5,TP5_4_1_6,TP5_4_1_7,TP5_4_1_8,TP5_4_2_1,TP5_4_2_2,TP5_4_2_3,TP5_4_2_4,TP5_4_10,TP5_4_11_1,TP5_4_11_2,TP5_4_11_3,TP5_4_11_4,TP5_4_12_1,TP5_4_12_2,TP5_4_13,TP5_4_14,TP5_4_t1,TP5_5,TP5_5_a,TP5_5_1_4,TP5_5_1_5,TP5_5_1_6,TP5_5_1_7,TP5_5_1_8,TP5_5_2_1,TP5_5_2_2,TP5_5_2_3,TP5_5_2_4,TP5_5_10,TP5_5_11_1,TP5_5_11_2,TP5_5_11_3,TP5_5_11_4,TP5_5_12_1,TP5_5_12_2,TP5_5_13,TP5_5_14,TP5_5_t1,TP5_6,TP5_6_a,TP5_6_1_4,TP5_6_1_5,TP5_6_1_6,TP5_6_1_7,TP5_6_1_8,TP5_6_2_1,TP5_6_2_2,TP5_6_2_3,TP5_6_2_4,TP5_6_10,TP5_6_11_1,TP5_6_11_2,TP5_6_11_3,TP5_6_11_4,TP5_6_12_1,TP5_6_12_2,TP5_6_13,TP5_6_14,TP5_6_t1,TP5_7,TP5_7_a,TP5_7_1_4,TP5_7_1_5,TP5_7_1_6,TP5_7_1_7,TP5_7_1_8,TP5_7_2_1,TP5_7_2_2,TP5_7_2_3,TP5_7_2_4,TP5_7_10,TP5_7_11_1,TP5_7_11_2,TP5_7_11_3,TP5_7_11_4,TP5_7_12_1,TP5_7_12_2,TP5_7_13,TP5_7_14,TP5_7_t1,TP5_8,TP5_8_a,TP5_8_1_4,TP5_8_1_5,TP5_8_1_6,TP5_8_1_7,TP5_8_1_8,TP5_8_2_1,TP5_8_2_2,TP5_8_2_3,TP5_8_2_4,TP5_8_10,TP5_8_11_1,TP5_8_11_2,TP5_8_11_3,TP5_8_11_4,TP5_8_12_1,TP5_8_12_2,TP5_8_13,TP5_8_14,TP5_8_t1,TP5_9,TP5_9_a,TP5_9_1_4,TP5_9_1_5,TP5_9_1_6,TP5_9_1_7,TP5_9_1_8,TP5_9_2_1,TP5_9_2_2,TP5_9_2_3,TP5_9_2_4,TP5_9_10,TP5_9_11_1,TP5_9_11_2,TP5_9_11_3,TP5_9_11_4,TP5_9_12_1,TP5_9_12_2,TP5_9_13,TP5_9_14,TP5_9_t1,TP5_10,TP5_10_a,TP5_10_1_4,TP5_10_1_5,TP5_10_1_6,TP5_10_1_7,TP5_10_1_8,TP5_10_2_1,TP5_10_2_2,TP5_10_2_3,TP5_10_2_4,TP5_10_10,TP5_10_11_1,TP5_10_11_2,TP5_10_11_3,TP5_10_11_4,TP5_10_12_1,TP5_10_12_2,TP5_10_13,TP5_10_14,TP5_10_t1
900001,100041,0,1, ,2, ,3,8,50,9,20,1, ,4121010200,4121061000,경기도,광명시,철산3동, , , , , , , , , , , , , ,1,3, ,1153010200,1153054000,,,, , , , , , , , , , , , , ,7, , , , ,,,, , , , , , , , , , , , , , , , , , ,,,, , , , , , , , , , , , , , , , , , ,,,, , , , , , , , , , , , , , , , , , ,,,, , , , , , , , , , , , , , , , , , ,,,, , , , , , , , , , , , , , , , , , ,,,, , , , , , , , , , , , , , , , , , ,,,, , , , , , , , , , , , , , , , , , ,,,, , , , , , , , , , , , , , 
900001,100041,1,1,4121061000,2,1153054000,3,8,50,9,20,1, ,4121010200,4121061000,경기도,광명시,철산3동, , , , , , , , , , , , , ,1,3, ,1153010200,1153054000,,,, , , , , , , , , , , , , ,7, , , , ,,,, , , , , , , , , , , , , , , , , , ,,,, , , , , , , , , , , , , , , , , , ,,,, , , , , , , , , , , , , , , , , , ,,,, , , , , , , , , , , , , , , , , , ,,,, , , , , , , , , , , , , , , , , , ,,,, , , , , , , , , , , , , , , , , , ,,,, , , , , , , , , , , , , , , , , , ,,,, , , , , , , , , , , , , , 
900001,100045,2,2,1153054000,1,4121061000,1,18,40,19,15,1, ,4121010200,4121061000,경기도,광명시,철산3동, , , , , , , , , , , , , ,7, , , , ,,,, , , , , , , , , , , , , , , , , , ,,,, , , , , , , , , , , , , , , , , , ,,,, , , , , , , , , , , , , , , , , , ,,,, , , , , , , , , , , , , , , , , , ,,,, , , , , , , , , , , , , , , , , , ,,,, , , , , , , , , , , , , , , , , , ,,,, , , , , , , , , , , , , , , , , , ,,,, , , , , , , , , , , , , , , , , , ,,,, , , , , , , , , , , , , , 
900002,104926,1,1,4477025300,2,4477025300,3,8,40,8,45,1, ,4477025321,4477025300,충청남도,서천군,서천읍, , , , , , , , , , , , , ,2, , , , ,,,, , , , , , , , , , , , , , , , , , ,,,, , , , , , , , , , , , , , , , , , ,,,, , , , , , , , , , , , , , , , , , ,,,, , , , , , , , , , , , , , , , , , ,,,, , , , , , , , , , , , , , , , , , ,,,, , , , , , , , , , , , , , , , , , ,,,, , , , , , , , , , , , , , , , , , ,,,, , , , , , , , , , , , , , , , , , ,,,, , , , , , , , , , , , , , 
900002,104928,2,2,4477025300,97,4477032000,9,12,0,12,20,2, ,4477032021,4477032000,충청남도,서천군,화양면,2,4,1,1, , , , , , , , , ,5, , , , ,,,, , , , , , , , , , , , , , , , , , ,,,, , , , , , , , , , , , , , , , , , ,,,, , , , , , , , , , , , , , , , , , ,,,, , , , , , , , , , , , , , , , , , ,,,, , , , , , , , , , , , , , , , , , ,,,, , , , , , , , , , , , , , , , , , ,,,, , , , , , , , , , , , , , , , , , ,,,, , , , , , , , , , , , , , , , , , ,,,, , , , , , , , , , , , , , 
900002,104933,4,97,4477025300,2,4477025300,2,13,35,13,55,2, ,4477025321,4477025300,충청남도,서천군,서천읍,2,4,1,1, , , , , , , , , ,5, , , , ,,,, , , , , , , , , , , , , , , , , , ,,,, , , , , , , , , , , , , , , , , , ,,,, , , , , , , , , , , , , , , , , , ,,,, , , , , , , , , , , , , , , , , , ,,,, , , , , , , , , , , , , , , , , , ,,,, , , , , , , , , , , , , , , , , , ,,,, , , , , , , , , , , , , , , , , , ,,,, , , , , , , , , , , , , , , , , , ,,,, , , , , , , , , , , , , , 
900002,104936,6,97,4477025300,97,4477025300,7,18,5,18,30,1, ,4477025321,4477025300,충청남도,서천군,서천읍, , , , , , , , , , , , , ,6, , , , ,,,, , , , , , , , , , , , , , , , , , ,,,, , , , , , , , , , , , , , , , , , ,,,, , , , , , , , , , , , , , , , , , ,,,, , , , , , , , , , , , , , , , , , ,,,, , , , , , , , , , , , , , , , , , ,,,, , , , , , , , , , , , , , , , , , ,,,, , , , , , , , , , , , , , , , , , ,,,, , , , , , , , , , , , , , , , , , ,,,, , , , , , , , , , , , , , 
900002,104939,7,97,4477025300,1,4477025300,1,18,40,18,50,1, ,4477025321,4477025300,충청남도,서천군,서천읍, , , , , , , , , , , , , ,3, , , , ,,,, , , , , , , , , , , , , , , , , , ,,,, , , , , , , , , , , , , , , , , , ,,,, , , , , , , , , , , , , , , , , , ,,,, , , , , , , , , , , , , , , , , , ,,,, , , , , , , , , , , , , , , , , , ,,,, , , , , , , , , , , , , , , , , , ,,,, , , , , , , , , , , , , , , , , , ,,,, , , , , , , , , , , , , , , , , , ,,,, , , , , , , , , , , , , , 
900002,104942,5,2,4477025300,97,4477025300,6,14,15,14,25,2, ,4477025321,4477025300,충청남도,서천군,서천읍,1,2,1,3, , , , , , , , , ,3, , , , ,,,, , , , , , , , , , , , , , , , , , ,,,, , , , , , , , , , , , , , , , , , ,,,, , , , , , , , , , , , , , , , , , ,,,, , , , , , , , , , , , , , , , , , ,,,, , , , , , , , , , , , , , , , , , ,,,, , , , , , , , , , , , , , , , , , ,,,, , , , , , , , , , , , , , , , , , ,,,, , , , , , , , , , , , , , , , , , ,,,, , , , , , , , , , , , , , 
900002,104943,3,97,4477032000,97,4477025300,7,13,10,13,25,2, ,4477025322,4477025300,충청남도,서천군,서천읍,2,4,1,1, , , , , , , , , ,4, , , , ,,,, , , , , , , , , , , , , , , , , , ,,,, , , , , , , , , , , , , , , , , , ,,,, , , , , , , , , , , , , , , , , , ,,,, , , , , , , , , , , , , , , , , , ,,,, , , , , , , , , , , , , , , , , , ,,,, , , , , , , , , , , , , , , , , , ,,,, , , , , , , , , , , , , , , , , , ,,,, , , , , , , , , , , , , , , , , , ,,,, , , , , , , , , , , , , , 
900003,120009775,1,1,4313063000,2,4313038500,3,7,30,7,50,2, ,4313038523,4313038500,충청북도,충주시,중앙탑면,1,1,1,1, , , , , , , , , ,5, , , , ,,,, , , , , , , , , , , , , , , , , , ,,,, , , , , , , , , , , , , , , , , , ,,,, , , , , , , , , , , , , , , , , , ,,,, , , , , , , , , , , , , , , , , , ,,,, , , , , , , , , , , , , , , , , , ,,,, , , , , , , , , , , , , , , , , , ,,,, , , , , , , , , , , , , , , , , , ,,,, , , , , , , , , , , , , , , , , , ,,,, , , , , , , , , , , , , , 
900003,120009776,2,2,4313038500,1,4313063000,1,17,40,18,5,2, ,4313011800,4313063000,충청북도,충주시,연수동,1,1,1,1, , , , , , , , , ,6, , , , ,,,, , , , , , , , , , , , , , , , , , ,,,, , , , , , , , , , , , , , , , , , ,,,, , , , , , , , , , , , , , , , , , ,,,, , , , , , , , , , , , , , , , , , ,,,, , , , , , , , , , , , , , , , , , ,,,, , , , , , , , , , , , , , , , , , ,,,, , , , , , , , , , , , , , , , , , ,,,, , , , , , , , , , , , , , , , , , ,,,, , , , , , , , , , , , , , 
900004,10021819,1,1,3020054600,3,3020054600,4,8,0,8,10,1, ,3020011900,3020054600,대전광역시,유성구,노은1동, , , , , , , , , , , , , ,3, , , , ,,,, , , , , , , , , , , , , , , , , , ,,,, , , , , , , , , , , , , , , , , , ,,,, , , , , , , , , , , , , , , , , , ,,,, , , , , , , , , , , , , , , , , , ,,,, , , , , , , , , , , , , , , , , , ,,,, , , , , , , , , , , , , , , , , , ,,,, , , , , , , , , , , , , , , , , , ,,,, , , , , , , , , , , , , , , , , , ,,,, , , , , , , , , , , , , , 
900004,10021889,2,3,3020054600,1,3020054600,1,13,0,13,10,1, ,3020011900,3020054600,대전광역시,유성구,노은1동, , , , , , , , , , , , , ,3, , , , ,,,, , , , , , , , , , , , , , , , , , ,,,, , , , , , , , , , , , , , , , , , ,,,, , , , , , , , , , , , , , , , , , ,,,, , , , , , , , , , , , , , , , , , ,,,, , , , , , , , , , , , , , , , , , ,,,, , , , , , , , , , , , , , , , , , ,,,, , , , , , , , , , , , , , , , , , ,,,, , , , , , , , , , , , , , , , , , ,,,, , , , , , , , , , , , , , 
900005,10181489,1,97,2617051000,2,4825056500,3,7,45,8,40,2, ,4825011400,4825056500,경상남도,김해시,칠산서부동,1,1,2,1, , , , , , , , , ,12, , , , ,,,, , , , , , , , , , , , , , , , , , ,,,, , , , , , , , , , , , , , , , , , ,,,, , , , , , , , , , , , , , , , , , ,,,, , , , , , , , , , , , , , , , , , ,,,, , , , , , , , , , , , , , , , , , ,,,, , , , , , , , , , , , , , , , , , ,,,, , , , , , , , , , , , , , , , , , ,,,, , , , , , , , , , , , , , , , , , ,,,, , , , , , , , , , , , , , 
900005,10181528,2,2,4825056500,97,4817031000,6,16,0,17,10,2, ,4817031022,4817031000,경상남도,진주시,내동면,1,2,5,3, , , , , , , , , ,14, , , , ,,,, , , , , , , , , , , , , , , , , , ,,,, , , , , , , , , , , , , , , , , , ,,,, , , , , , , , , , , , , , , , , , ,,,, , , , , , , , , , , , , , , , , , ,,,, , , , , , , , , , , , , , , , , , ,,,, , , , , , , , , , , , , , , , , , ,,,, , , , , , , , , , , , , , , , , , ,,,, , , , , , , , , , , , , , , , , , ,,,, , , , , , , , , , , , , , 
900005,10181644,3,97,4817031000,97,4824032000,9,17,40,18,5,2, ,4824032025,4824032000,경상남도,사천시,사남면,1,2,5,3, , , , , , , , , ,6, , , , ,,,, , , , , , , , , , , , , , , , , , ,,,, , , , , , , , , , , , , , , , , , ,,,, , , , , , , , , , , , , , , , , , ,,,, , , , , , , , , , , , , , , , , , ,,,, , , , , , , , , , , , , , , , , , ,,,, , , , , , , , , , , , , , , , , , ,,,, , , , , , , , , , , , , , , , , , ,,,, , , , , , , , , , , , , , , , , , ,,,, , , , , , , , , , , , , , 
900005,10182196,4,97,4824032000,2,4825056500,2,18,40,19,50,2, ,4825011400,4825056500,경상남도,김해시,칠산서부동,1,2,5,3, , , , , , , , , ,14, , , , ,,,, , , , , , , , , , , , , , , , , , ,,,, , , , , , , , , , , , , , , , , , ,,,, , , , , , , , , , , , , , , , , , ,,,, , , , , , , , , , , , , , , , , , ,,,, , , , , , , , , , , , , , , , , , ,,,, , , , , , , , , , , , , , , , , , ,,,, , , , , , , , , , , , , , , , , , ,,,, , , , , , , , , , , , , , , , , , ,,,, , , , , , , , , , , , , , 
900005,10182214,6,1,2653062000,97,2617051000,10,21,10,21,40,2, ,2617010100,2617051000,부산광역시,동구,초량제1동,1,1,2,1, , , , , , , , , ,7, , , , ,,,, , , , , , , , , , , , , , , , , , ,,,, , , , , , , , , , , , , , , , , , ,,,, , , , , , , , , , , , , , , , , , ,,,, , , , , , , , , , , , , , , , , , ,,,, , , , , , , , , , , , , , , , , , ,,,, , , , , , , , , , , , , , , , , , ,,,, , , , , , , , , , , , , , , , , , ,,,, , , , , , , , , , , , , , , , , , ,,,, , , , , , , , , , , , , , 
900005,10182355,5,2,4825056500,1,2653062000,1,20,10,20,40,2, ,2653010400,2653062000,부산광역시,사상구,괘법동,1,1,2,1, , , , , , , , , ,7, , , , ,,,, , , , , , , , , , , , , , , , , , ,,,, , , , , , , , , , , , , , , , , , ,,,, , , , , , , , , , , , , , , , , , ,,,, , , , , , , , , , , , , , , , , , ,,,, , , , , , , , , , , , , , , , , , ,,,, , , , , , , , , , , , , , , , , , ,,,, , , , , , , , , , , , , , , , , , ,,,, , , , , , , , , , , , , , , , , , ,,,, , , , , , , , , , , , , , 
900006,10335278,1,1,4139051000,97,1168064000,11,9,20,11,5,3, ,1168010100,1168064000,서울특별시,강남구,역삼1동, , , , , , , , , , , , , ,15, , , , ,,,, , , , , , , , , , , , , , , , , , ,,,, , , , , , , , , , , , , , , , , , ,,,, , , , , , , , , , , , , , , , , , ,,,, , , , , , , , , , , , , , , , , , ,,,, , , , , , , , , , , , , , , , , , ,,,, , , , , , , , , , , , , , , , , , ,,,, , , , , , , , , , , , , , , , , , ,,,, , , , , , , , , , , , , , , , , , ,,,, , , , , , , , , , , , , , 
900006,10335280,2,97,1168064000,1,4139051000,1,16,20,17,30,1, ,1168010100,1168064000,서울특별시,강남구,역삼1동, , , , , , , , , , , , , ,3,3, ,4139010100,4139051000,,,, , , , , , , , , , , , , ,14,1, ,4139010100,4139051000,,,, , , , , , , , , , , , , ,3, , , , ,,,, , , , , , , , , , , , , , , , , , ,,,, , , , , , , , , , , , , , , , , , ,,,, , , , , , , , , , , , , , , , , , ,,,, , , , , , , , , , , , , , , , , , ,,,, , , , , , , , , , , , , , , , , , ,,,, , , , , , , , , , , , , , , , , , ,,,, , , , , , , , , , , , , , 
