HOUSEID,PERSONID,TDTRPNUM,STRTTIME,ENDTIME,TRVLCMIN,TRPMILES,TRPTRANS,TRPACCMP,TRPHHACC,VEHID,TRWAITTM,NUMTRANS,TRACCTM,DROP_PRK,TREGRTM,WHODROVE,WHYFROM,LOOP_TRIP,TRPHHVEH,HHMEMDRV,HH_ONTD,NONHHCNT,NUMONTRP,PSGR_FLG,PUBTRANS,TRIPPURP,DWELTIME,TDWKND,VMT_MILE,DRVR_FLG,WHYTRP1S,ONTD_P1,ONTD_P2,ONTD_P3,ONTD_P4,ONTD_P5,ONTD_P6,ONTD_P7,ONTD_P8,ONTD_P9,ONTD_P10,ONTD_P11,ONTD_P12,ONTD_P13,TDCASEID,TRACC_WLK,TRACC_POV,TRACC_BUS,TRACC_CRL,TRACC_SUB,TRACC_OTH,TREGR_WLK,TREGR_POV,TREGR_BUS,TREGR_CRL,TREGR_SUB,TREGR_OTH,WHYTO,TRAVDAY,HOMEOWN,HHSIZE,HHVEHCNT,HHFAMINC,DRVRCNT,HHSTATE,HHSTFIPS,NUMADLT,WRKCOUNT,TDAYDATE,HHRESP,LIF_CYC,MSACAT,MSASIZE,RAIL,URBAN,URBANSIZE,URBRUR,GASPRICE,CENSUS_D,CENSUS_R,CDIVMSAR,HH_RACE,HH_HISP,HH_CBSA,SMPLSRCE,R_AGE,EDUC,R_SEX,PRMACT,PROXY,WORKER,DRIVER,WTTRDFIN,WHYTRP90,TRPMILAD,R_AGE_IMP,R_SEX_IMP,VEHTYPE,OBHUR,DBHUR,OTHTNRNT,OTPPOPDN,OTRESDN,OTEEMPDN,OBHTNRNT,OBPPOPDN,OBRESDN,DTHTNRNT,DTPPOPDN,DTRESDN,DTEEMPDN,DBHTNRNT,DBPPOPDN,DBRESDN
30056209,1,1,645,730,45,28.392,3,0,0,1,-1,-1,-1,-1,-1,1,1,2,1,1,1,0,1,2,2,HBW,540,2,28.392,1,10,1,2,2,2,-1,-1,-1,-1,-1,-1,-1,-1,-1,300562090101,-1,-1,-1,-1,-1,-1,-1,-1,-1,-1,-1,-1,3,4,2,4,3,7,4,CA,6,4,2,201610,1,8,2,4,2,1,4,1,274.3,9,4,92,1,2,40900,2,47,5,1,1,2,1,1,229167.951288647,1,30.478812,47,1,1,U,S,30,7000,3000,3000,30,7000,3000,90,1500,300,350,90,3000,300
30056209,1,2,1630,1745,75,28.293,3,0,0,1,-1,-1,-1,-1,-1,1,3,2,1,1,1,0,1,2,2,HBW,-9,2,28.293,1,1,1,2,2,2,-1,-1,-1,-1,-1,-1,-1,-1,-1,300562090102,-1,-1,-1,-1,-1,-1,-1,-1,-1,-1,-1,-1,1,4,2,4,3,7,4,CA,6,4,2,201610,1,8,2,4,2,1,4,1,274.3,9,4,92,1,2,40900,2,47,5,1,1,2,1,1,229167.951288647,1,30.3725355,47,1,1,S,U,90,1500,300,350,90,3000,300,30,7000,3000,3000,30,7000,3000
30056209,2,1,940,1015,35,18.494,6,0,0,3,-1,-1,-1,-1,-1,2,16,2,1,1,1,0,1,2,2,NHB,525,2,18.494,1,10,2,1,2,2,-1,-1,-1,-1,-1,-1,-1,-1,-1,300562090201,-1,-1,-1,-1,-1,-1,-1,-1,-1,-1,-1,-1,3,4,2,4,3,7,4,CA,6,4,2,201610,1,8,2,4,2,1,4,1,274.3,9,4,92,1,2,40900,2,53,3,2,1,2,1,1,213391.778124613,1,19.853309,53,2,4,U,T,30,7000,3000,3000,30,7000,3000,30,300,50,75,5,750,300
30056209,2,2,1900,1935,35,18.407,6,0,0,3,-1,-1,-1,-1,-1,2,3,2,1,1,1,0,1,2,2,HBW,-9,2,18.407,1,1,2,1,2,2,-1,-1,-1,-1,-1,-1,-1,-1,-1,300562090202,-1,-1,-1,-1,-1,-1,-1,-1,-1,-1,-1,-1,1,4,2,4,3,7,4,CA,6,4,2,201610,1,8,2,4,2,1,4,1,274.3,9,4,92,1,2,40900,2,53,3,2,1,2,1,1,213391.778124613,1,19.7599145,53,2,4,T,U,30,300,50,75,5,750,300,30,7000,3000,3000,30,7000,3000
30056209,3,1,1135,1158,23,2.509,2,0,0,-1,-1,-1,-1,-1,-1,-1,1,2,2,-1,1,0,1,-1,2,HBO,77,2,-1.0,-1,20,2,2,1,2,-1,-1,-1,-1,-1,-1,-1,-1,-1,300562090301,-1,-1,-1,-1,-1,-1,-1,-1,-1,-1,-1,-1,8,4,2,4,3,7,4,CA,6,4,2,201610,1,8,2,4,2,1,4,1,274.3,9,4,92,1,2,40900,2,18,2,1,5,1,2,1,366938.481264483,5,2.509,18,1,-1,U,S,30,7000,3000,3000,30,7000,3000,40,1500,750,750,50,1500,750
30056209,3,2,1315,1325,10,2.509,2,0,0,-1,-1,-1,-1,-1,-1,-1,8,2,2,-1,1,0,1,-1,2,HBO,-9,2,-1.0,-1,1,2,2,1,2,-1,-1,-1,-1,-1,-1,-1,-1,-1,300562090302,-1,-1,-1,-1,-1,-1,-1,-1,-1,-1,-1,-1,1,4,2,4,3,7,4,CA,6,4,2,201610,1,8,2,4,2,1,4,1,274.3,9,4,92,1,2,40900,2,18,2,1,5,1,2,1,366938.481264483,5,2.509,18,1,-1,S,U,40,1500,750,750,50,1500,750,30,7000,3000,3000,30,7000,3000
30056209,4,1,800,1300,300,3.098,3,0,0,2,-1,-1,-1,-1,-1,4,1,2,1,1,1,0,1,2,2,HBSHOP,60,2,3.098,1,40,2,2,2,1,-1,-1,-1,-1,-1,-1,-1,-1,-1,300562090401,-1,-1,-1,-1,-1,-1,-1,-1,-1,-1,-1,-1,11,4,2,4,3,7,4,CA,6,4,2,201610,1,8,2,4,2,1,4,1,274.3,9,4,92,1,2,40900,2,77,2,2,6,1,2,1,219411.787068033,3,3.4545798,77,2,1,U,U,30,7000,3000,3000,30,7000,3000,60,7000,1500,1500,80,7000,3000
30056209,4,2,1400,1410,10,2.784,3,0,0,2,-1,-1,-1,-1,-1,4,11,2,1,1,1,0,1,2,2,NHB,10,2,2.784,1,80,2,2,2,1,-1,-1,-1,-1,-1,-1,-1,-1,-1,300562090402,-1,-1,-1,-1,-1,-1,-1,-1,-1,-1,-1,-1,13,4,2,4,3,7,4,CA,6,4,2,201610,1,8,2,4,2,1,4,1,274.3,9,4,92,1,2,40900,2,77,2,2,6,1,2,1,219411.787068033,10,3.1044384,77,2,1,U,U,60,7000,1500,1500,80,7000,3000,30,7000,3000,3000,30,7000,1500
30056209,4,3,1420,1430,10,0.401,3,0,0,2,-1,-1,-1,-1,-1,4,13,2,1,1,1,0,1,2,2,HBSHOP,-9,2,0.401,1,1,2,2,2,1,-1,-1,-1,-1,-1,-1,-1,-1,-1,300562090403,-1,-1,-1,-1,-1,-1,-1,-1,-1,-1,-1,-1,1,4,2,4,3,7,4,CA,6,4,2,201610,1,8,2,4,2,1,4,1,274.3,9,4,92,1,2,40900,2,77,2,2,6,1,2,1,219411.787068033,3,0.4471551,77,2,1,U,U,30,7000,3000,3000,30,7000,1500,30,7000,3000,3000,30,7000,3000
30176280,1,1,900,920,20,7.243,3,0,0,1,-1,-1,-1,-1,-1,1,1,2,1,1,1,0,1,2,2,HBSOCREC,340,2,7.243,1,50,1,2,-1,-1,-1,-1,-1,-1,-1,-1,-1,-1,-1,301762800101,-1,-1,-1,-1,-1,-1,-1,-1,-1,-1,-1,-1,17,3,2,2,1,1,1,GA,13,2,0,201609,1,2,3,3,2,1,2,1,228.1,5,3,53,2,2,XXXXX,2,54,2,2,97,1,2,1,42155.0281080581,8,8.0766693,54,2,1,S,C,80,3000,1500,1500,70,7000,3000,50,300,50,25,60,3000,1500
30176280,1,2,1500,1515,15,3.322,3,0,0,1,-1,-1,-1,-1,-1,1,17,2,1,1,1,0,1,2,2,NHB,15,2,3.322,1,80,1,2,-1,-1,-1,-1,-1,-1,-1,-1,-1,-1,-1,301762800102,-1,-1,-1,-1,-1,-1,-1,-1,-1,-1,-1,-1,13,3,2,2,1,1,1,GA,13,2,0,201609,1,2,3,3,2,1,2,1,228.1,5,3,53,2,2,XXXXX,2,54,2,2,97,1,2,1,42155.0281080581,10,3.7043622,54,2,1,C,C,50,300,50,25,60,3000,1500,80,1500,1500,350,60,1500,750
30176280,1,3,1530,1550,20,5.518,3,0,0,1,-1,-1,-1,-1,-1,1,13,2,1,1,1,0,1,2,2,HBSHOP,-9,2,5.518,1,1,1,2,-1,-1,-1,-1,-1,-1,-1,-1,-1,-1,-1,301762800103,-1,-1,-1,-1,-1,-1,-1,-1,-1,-1,-1,-1,1,3,2,2,1,1,1,GA,13,2,0,201609,1,2,3,3,2,1,2,1,228.1,5,3,53,2,2,XXXXX,2,54,2,2,97,1,2,1,42155.0281080581,8,6.1531218,54,2,1,C,S,80,1500,1500,350,60,1500,750,80,3000,1500,1500,70,7000,3000
30176280,2,1,1100,2100,600,4.0,1,0,0,-1,-1,-1,-1,-1,-1,-1,1,1,2,-1,1,0,1,-1,2,HBO,-9,2,-1.0,-1,1,2,1,-1,-1,-1,-1,-1,-1,-1,-1,-1,-1,-1,301762800201,-1,-1,-1,-1,-1,-1,-1,-1,-1,-1,-1,-1,1,3,2,2,1,1,1,GA,13,2,0,201609,1,2,3,3,2,1,2,1,228.1,5,3,53,2,2,XXXXX,2,55,2,1,3,2,2,2,48791.396789535,10,4.0,55,1,-1,S,S,80,3000,1500,1500,70,7000,3000,80,3000,1500,1500,70,7000,3000
40307992,1,1,930,1000,30,23.488,3,0,0,1,-1,-1,-1,-1,-1,1,17,2,1,1,1,0,1,2,2,HBSOCREC,60,1,23.488,1,1,1,2,-1,-1,-1,-1,-1,-1,-1,-1,-1,-1,-1,403079920101,-1,-1,-1,-1,-1,-1,-1,-1,-1,-1,-1,-1,1,7,1,2,1,7,2,NY,36,2,2,201612,1,2,2,4,2,1,3,1,251.6,2,1,22,1,2,40380,1,48,5,2,1,1,1,1,83510.6259330542,8,26.1914688,48,2,1,T,U,20,300,50,150,5,300,300,70,17000,7000,5000,70,17000,7000
40307992,1,2,1100,1110,10,1.723,3,1,1,1,-1,-1,-1,-1,-1,1,1,2,1,1,2,0,2,2,2,HBO,1,1,1.723,1,40,1,1,-1,-1,-1,-1,-1,-1,-1,-1,-1,-1,-1,403079920102,-1,-1,-1,-1,-1,-1,-1,-1,-1,-1,-1,-1,14,7,1,2,1,7,2,NY,36,2,2,201612,1,2,2,4,2,1,3,1,251.6,2,1,22,1,2,40380,1,48,5,2,1,1,1,1,83510.6259330542,4,1.9213173,48,2,1,U,S,70,17000,7000,5000,70,17000,7000,50,7000,3000,3000,30,3000,1500
40307992,1,3,1111,1121,10,3.904,3,1,1,1,-1,-1,-1,-1,-1,1,14,2,1,1,2,0,2,2,2,NHB,99,1,3.904,1,50,1,1,-1,-1,-1,-1,-1,-1,-1,-1,-1,-1,-1,403079920103,-1,-1,-1,-1,-1,-1,-1,-1,-1,-1,-1,-1,15,7,1,2,1,7,2,NY,36,2,2,201612,1,2,2,4,2,1,3,1,251.6,2,1,22,1,2,40380,1,48,5,2,1,1,1,1,83510.6259330542,10,4.3533504,48,2,1,S,U,50,7000,3000,3000,30,3000,1500,80,7000,7000,3000,80,7000,3000
40307992,1,4,1300,1310,10,2.049,3,1,1,1,-1,-1,-1,-1,-1,2,15,2,1,1,2,0,2,1,2,HBSOCREC,110,1,-1.0,2,1,1,1,-1,-1,-1,-1,-1,-1,-1,-1,-1,-1,-1,403079920104,-1,-1,-1,-1,-1,-1,-1,-1,-1,-1,-1,-1,1,7,1,2,1,7,2,NY,36,2,2,201612,1,2,2,4,2,1,3,1,251.6,2,1,22,1,2,40380,1,48,5,2,1,1,1,1,83510.6259330542,10,2.2848399,48,2,1,U,U,80,7000,7000,3000,80,7000,3000,70,17000,7000,5000,70,17000,7000
40307992,1,5,1500,1510,10,1.281,3,0,0,1,-1,-1,-1,-1,-1,1,1,2,1,1,1,0,1,2,2,HBSHOP,5,1,1.281,1,40,1,2,-1,-1,-1,-1,-1,-1,-1,-1,-1,-1,-1,403079920105,-1,-1,-1,-1,-1,-1,-1,-1,-1,-1,-1,-1,11,7,1,2,1,7,2,NY,36,2,2,201612,1,2,2,4,2,1,3,1,251.6,2,1,22,1,2,40380,1,48,5,2,1,1,1,1,83510.6259330542,3,1.4284431,48,2,1,U,U,70,17000,7000,5000,70,17000,7000,60,7000,7000,5000,60,7000,3000
40307992,1,6,1515,1525,10,1.276,3,0,0,1,-1,-1,-1,-1,-1,1,11,2,1,1,1,0,1,2,2,HBSHOP,-9,1,1.276,1,1,1,2,-1,-1,-1,-1,-1,-1,-1,-1,-1,-1,-1,403079920106,-1,-1,-1,-1,-1,-1,-1,-1,-1,-1,-1,-1,1,7,1,2,1,7,2,NY,36,2,2,201612,1,2,2,4,2,1,3,1,251.6,2,1,22,1,2,40380,1,48,5,2,1,1,1,1,83510.6259330542,3,1.4228676,48,2,1,U,U,60,7000,7000,5000,60,7000,3000,70,17000,7000,5000,70,17000,7000
40307992,2,1,1100,1110,10,1.723,3,1,1,1,-1,-1,-1,-1,-1,1,1,2,1,1,2,0,2,1,2,HBO,1,1,-1.0,2,40,1,1,-1,-1,-1,-1,-1,-1,-1,-1,-1,-1,-1,403079920201,-1,-1,-1,-1,-1,-1,-1,-1,-1,-1,-1,-1,14,7,1,2,1,7,2,NY,36,2,2,201612,1,2,2,4,2,1,3,1,251.6,2,1,22,1,2,40380,1,52,4,1,1,1,1,1,98304.0392851083,4,1.9213173,52,1,1,U,S,70,17000,7000,5000,70,17000,7000,50,7000,3000,3000,30,3000,1500
40307992,2,2,1111,1121,10,3.904,3,1,1,1,-1,-1,-1,-1,-1,1,14,2,1,1,2,0,2,1,2,NHB,99,1,-1.0,2,50,1,1,-1,-1,-1,-1,-1,-1,-1,-1,-1,-1,-1,403079920202,-1,-1,-1,-1,-1,-1,-1,-1,-1,-1,-1,-1,15,7,1,2,1,7,2,NY,36,2,2,201612,1,2,2,4,2,1,3,1,251.6,2,1,22,1,2,40380,1,52,4,1,1,1,1,1,98304.0392851083,10,4.3533504,52,1,1,S,U,50,7000,3000,3000,30,3000,1500,80,7000,7000,3000,80,7000,3000
40307992,2,3,1300,1310,10,2.049,3,1,1,1,-1,-1,-1,-1,-1,2,15,2,1,1,2,0,2,2,2,HBSOCREC,110,1,2.049,1,1,1,1,-1,-1,-1,-1,-1,-1,-1,-1,-1,-1,-1,403079920203,-1,-1,-1,-1,-1,-1,-1,-1,-1,-1,-1,-1,1,7,1,2,1,7,2,NY,36,2,2,201612,1,2,2,4,2,1,3,1,251.6,2,1,22,1,2,40380,1,52,4,1,1,1,1,1,98304.0392851083,10,2.2848399,52,1,1,U,U,80,7000,7000,3000,80,7000,3000,70,17000,7000,5000,70,17000,7000
40307992,2,4,1500,1510,10,0.327,1,0,0,-1,-1,-1,-1,-1,-1,-1,1,2,2,-1,1,0,1,-1,2,HBW,1,1,-1.0,-1,10,2,1,-1,-1,-1,-1,-1,-1,-1,-1,-1,-1,-1,403079920204,-1,-1,-1,-1,-1,-1,-1,-1,-1,-1,-1,-1,3,7,1,2,1,7,2,NY,36,2,2,201612,1,2,2,4,2,1,3,1,251.6,2,1,22,1,2,40380,1,52,4,1,1,1,1,1,98304.0392851083,1,0.327,52,1,-1,U,U,70,17000,7000,5000,70,17000,7000,70,17000,7000,5000,70,17000,7000
40307992,2,5,1511,1521,10,0.327,1,0,0,-1,-1,-1,-1,-1,-1,-1,3,2,2,-1,1,0,1,-1,2,HBW,-9,1,-1.0,-1,1,2,1,-1,-1,-1,-1,-1,-1,-1,-1,-1,-1,-1,403079920205,-1,-1,-1,-1,-1,-1,-1,-1,-1,-1,-1,-1,1,7,1,2,1,7,2,NY,36,2,2,201612,1,2,2,4,2,1,3,1,251.6,2,1,22,1,2,40380,1,52,4,1,1,1,1,1,98304.0392851083,1,0.327,52,1,-1,U,U,70,17000,7000,5000,70,17000,7000,70,17000,7000,5000,70,17000,7000
