sampno,perno,traveldayno,placeno,locno,arrtime,deptime,travtime,actdur,distance,mode,mode_o,vehno,cravl,fare,payf,payf_o,paypk,pkamt,pkbas,pkbas_o,prkty,prkty_o,rand_a,tpurp,tpurp_o,tpurp2,tpurp2_o,tpurp_check,trip_appt,trip_appt_why,trip_appt_why_1,trip_appt_why_2,trip_appt_why_3,trip_appt_why_4,trip_appt_why_5,trip_appt_why_6,trip_appt_why_se,trip_appt_why_rf,trip_appt_why_dk,trip_appt_why_o,trip_appt_why2,trip_appt_why2_1,trip_appt_why2_2,trip_appt_why2_3,trip_appt_why2_4,trip_appt_why2_5,trip_appt_why2_se,trip_appt_why2_rf,trip_appt_why2_dk,trip_appt_why2_o,perno_1,perno_2,perno_3,perno_4,perno_5,perno_6,perno_7,perno_8,perno_9,perno_10,perno_11,perno_12,companions,hhcount,nonhhcount,hhparty,party,transfer_count,qc_day,qc_transit,plaza_total,tollways_paid,tollway_1,tollway_2,tollway_3,tollway_4,tollway_5,tollway_6,plazas_paid,plaza_1,plaza_2,plaza_3,plaza_4,plaza_5,plaza_6,plaza_total_ipass,plaza_1_ipass,plaza_2_ipass,plaza_3_ipass,plaza_4_ipass,plaza_5_ipass,plaza_6_ipass,plaza_total_cash,plaza_1_cash,plaza_2_cash,plaza_3_cash,plaza_4_cash,plaza_5_cash,plaza_6_cash,placeGroup,transitPlaceno,hdist,Loop_Trip_definition,time_distance_flag
70003177,1,1,1,10000,2018-09-17 03:00:00,2018-09-17 08:21:00,0,321,-1.0,-1,-1,-1,-1,-1.0,-1,-1,-1,-1,-1,-1,-1,-1,-1,1,-1,0,-1,-1,-1,-1,-1,-1,-1,-1,-1,-1,-1,-1,-1,-1,-1,-1,-1,-1,-1,-1,-1,-1,-1,-1,-1,-1,-1,-1,-1,-1,-1,-1,-1,-1,-1,-1,-1,-1,-1,-1,-1,-1,0,0,-1,-1,-1,-1,-1,-1,-1,-1,-1,-1,-1,-1,-1,-1,-1,-1,-1,-1,-1,-1,-1,-1,-1,-1,-1,-1,-1,-1,-1,1,-9,-1.0,0,0
70003177,1,1,2,30003,2018-09-17 08:29:00,2018-09-17 08:41:00,8,12,0.506,202,-1,1,-1,-1.0,-1,-1,-1,-1,-1,-1,1,-1,3,26,-1,0,-1,-1,-1,-1,-1,-1,-1,-1,-1,-1,-1,-1,-1,-1,-1,-1,-1,-1,-1,-1,-1,-1,-1,-1,-1,-1,3,-1,-1,-1,-1,-1,-1,-1,-1,-1,1,1,0,2,2,-1,0,0,-1,-1,-1,-1,-1,-1,-1,-1,-1,-1,-1,-1,-1,-1,-1,-1,-1,-1,-1,-1,-1,-1,-1,-1,-1,-1,-1,-1,-1,2,-9,0.343,0,302
70003177,1,1,3,10000,2018-09-17 08:46:00,2018-09-17 08:52:00,5,6,0.549,202,-1,1,-1,-1.0,-1,-1,-1,-1,-1,-1,3,-1,3,26,-1,0,-1,-1,-1,-1,-1,-1,-1,-1,-1,-1,-1,-1,-1,-1,-1,-1,-1,-1,-1,-1,-1,-1,-1,-1,-1,-1,-1,-1,-1,-1,-1,-1,-1,-1,-1,-1,0,0,0,1,1,-1,0,0,-1,-1,-1,-1,-1,-1,-1,-1,-1,-1,-1,-1,-1,-1,-1,-1,-1,-1,-1,-1,-1,-1,-1,-1,-1,-1,-1,-1,-1,3,-9,0.343,0,0
70003177,1,1,4,10002,2018-09-17 09:47:00,2018-09-17 11:45:00,55,118,7.401,505,-1,-1,1,2.25,2,-1,-1,-1,-1,-1,-1,-1,2,3,-1,0,-1,-1,-1,-1,-1,-1,-1,-1,-1,-1,-1,-1,-1,-1,-1,-1,-1,-1,-1,-1,-1,-1,-1,-1,-1,-1,-1,-1,-1,-1,-1,-1,-1,-1,-1,-1,0,0,0,1,1,1,0,0,-1,-1,-1,-1,-1,-1,-1,-1,-1,-1,-1,-1,-1,-1,-1,-1,-1,-1,-1,-1,-1,-1,-1,-1,-1,-1,-1,-1,-1,4,4,5.325,0,0
70003177,1,1,5,1000001,2018-09-17 11:50:00,2018-09-17 11:54:00,5,4,0.121,101,-1,-1,-1,-1.0,-1,-1,-1,-1,-1,-1,-1,-1,5,16,-1,0,-1,-1,-1,-1,-1,-1,-1,-1,-1,-1,-1,-1,-1,-1,-1,-1,-1,-1,-1,-1,-1,-1,-1,-1,-1,-1,-1,-1,-1,-1,-1,-1,-1,-1,-1,-1,0,0,0,1,1,-1,0,0,-1,-1,-1,-1,-1,-1,-1,-1,-1,-1,-1,-1,-1,-1,-1,-1,-1,-1,-1,-1,-1,-1,-1,-1,-1,-1,-1,-1,-1,5,-9,0.042,0,0
70003177,1,1,6,10002,2018-09-17 11:58:00,2018-09-17 17:10:00,4,312,0.121,101,-1,-1,-1,-1.0,-1,-1,-1,-1,-1,-1,-1,-1,2,3,-1,0,-1,-1,-1,-1,-1,-1,-1,-1,-1,-1,-1,-1,-1,-1,-1,-1,-1,-1,-1,-1,-1,-1,-1,-1,-1,-1,-1,-1,-1,-1,-1,-1,-1,-1,-1,-1,0,0,0,1,1,-1,0,0,-1,-1,-1,-1,-1,-1,-1,-1,-1,-1,-1,-1,-1,-1,-1,-1,-1,-1,-1,-1,-1,-1,-1,-1,-1,-1,-1,-1,-1,6,-9,0.042,0,0
70003177,1,1,7,10000,2018-09-17 18:12:00,2018-09-18 03:00:00,62,528,7.293,505,-1,-1,2,2.25,2,-1,-1,-1,-1,-1,-1,-1,4,1,-1,0,-1,-1,-1,-1,-1,-1,-1,-1,-1,-1,-1,-1,-1,-1,-1,-1,-1,-1,-1,-1,-1,-1,-1,-1,-1,-1,-1,-1,-1,-1,-1,-1,-1,-1,-1,-1,0,0,0,1,1,0,0,0,-1,-1,-1,-1,-1,-1,-1,-1,-1,-1,-1,-1,-1,-1,-1,-1,-1,-1,-1,-1,-1,-1,-1,-1,-1,-1,-1,-1,-1,7,7,5.325,0,0
70003177,2,1,1,10000,2018-09-17 03:00:00,2018-09-17 08:52:00,0,352,-1.0,-1,-1,-1,-1,-1.0,-1,-1,-1,-1,-1,-1,-1,-1,-1,1,-1,0,-1,-1,-1,-1,-1,-1,-1,-1,-1,-1,-1,-1,-1,-1,-1,-1,-1,-1,-1,-1,-1,-1,-1,-1,-1,-1,-1,-1,-1,-1,-1,-1,-1,-1,-1,-1,-1,-1,-1,-1,-1,-1,0,0,-1,-1,-1,-1,-1,-1,-1,-1,-1,-1,-1,-1,-1,-1,-1,-1,-1,-1,-1,-1,-1,-1,-1,-1,-1,-1,-1,-1,-1,1,-9,-1.0,0,0
70003177,2,1,2,20002,2018-09-17 09:36:00,2018-09-17 16:43:00,44,427,7.268,505,-1,-1,2,2.25,2,-1,-1,-1,-1,-1,-1,-1,4,3,-1,0,-1,-1,-1,-1,-1,-1,-1,-1,-1,-1,-1,-1,-1,-1,-1,-1,-1,-1,-1,-1,-1,-1,-1,-1,-1,-1,-1,-1,-1,-1,-1,-1,-1,-1,-1,-1,0,0,0,1,1,0,0,0,-1,-1,-1,-1,-1,-1,-1,-1,-1,-1,-1,-1,-1,-1,-1,-1,-1,-1,-1,-1,-1,-1,-1,-1,-1,-1,-1,-1,-1,2,2,5.576,0,0
70003177,2,1,3,30003,2018-09-17 17:39:00,2018-09-17 17:45:00,56,6,8.439,505,-1,-1,2,2.25,2,-1,-1,-1,-1,-1,-1,-1,1,26,-1,0,-1,-1,-1,-1,-1,-1,-1,-1,-1,-1,-1,-1,-1,-1,-1,-1,-1,-1,-1,-1,-1,-1,-1,-1,-1,-1,-1,-1,-1,-1,-1,-1,-1,-1,-1,-1,0,0,0,1,1,0,0,0,-1,-1,-1,-1,-1,-1,-1,-1,-1,-1,-1,-1,-1,-1,-1,-1,-1,-1,-1,-1,-1,-1,-1,-1,-1,-1,-1,-1,-1,3,3,5.641,0,0
70003177,2,1,4,1000002,2018-09-17 17:55:00,2018-09-17 18:07:00,10,12,1.042,202,-1,1,-1,-1.0,-1,-1,-1,-1,-1,-1,3,-1,2,26,-1,0,-1,-1,-1,-1,-1,-1,-1,-1,-1,-1,-1,-1,-1,-1,-1,-1,-1,-1,-1,-1,-1,-1,-1,-1,-1,-1,3,-1,-1,-1,-1,-1,-1,-1,-1,-1,1,1,0,2,2,-1,0,0,-1,-1,-1,-1,-1,-1,-1,-1,-1,-1,-1,-1,-1,-1,-1,-1,-1,-1,-1,-1,-1,-1,-1,-1,-1,-1,-1,-1,-1,4,-9,0.969,0,0
70003177,2,1,5,10000,2018-09-17 18:12:00,2018-09-18 03:00:00,5,528,0.772,202,-1,1,-1,-1.0,-1,-1,-1,-1,-1,-1,3,-1,4,1,-1,0,-1,-1,-1,-1,-1,-1,-1,-1,-1,-1,-1,-1,-1,-1,-1,-1,-1,-1,-1,-1,-1,-1,-1,-1,1,-1,3,-1,-1,-1,-1,-1,-1,-1,-1,-1,2,2,0,3,3,-1,0,0,-1,-1,-1,-1,-1,-1,-1,-1,-1,-1,-1,-1,-1,-1,-1,-1,-1,-1,-1,-1,-1,-1,-1,-1,-1,-1,-1,-1,-1,5,-9,0.659,0,0
70006593,1,1,1,10000,2018-09-13 03:00:00,2018-09-13 07:27:00,0,267,-1.0,-1,-1,-1,-1,-1.0,-1,-1,-1,-1,-1,-1,-1,-1,-1,1,-1,0,-1,-1,-1,-1,-1,-1,-1,-1,-1,-1,-1,-1,-1,-1,-1,-1,-1,-1,-1,-1,-1,-1,-1,-1,-1,-1,-1,-1,-1,-1,-1,-1,-1,-1,-1,-1,-1,-1,-1,-1,-1,-1,0,0,-1,-1,-1,-1,-1,-1,-1,-1,-1,-1,-1,-1,-1,-1,-1,-1,-1,-1,-1,-1,-1,-1,-1,-1,-1,-1,-1,-1,-1,1,-9,-1.0,0,0
70006593,1,1,2,10002,2018-09-13 08:14:00,2018-09-13 12:06:00,47,232,11.505,505,-1,-1,1,-1.0,8,-1,-1,-1,-1,-1,-1,-1,2,3,-1,0,-1,-1,-1,-1,-1,-1,-1,-1,-1,-1,-1,-1,-1,-1,-1,-1,-1,-1,-1,-1,-1,-1,-1,-1,-1,-1,-1,-1,-1,-1,-1,-1,-1,-1,-1,-1,0,0,0,1,1,0,0,0,-1,-1,-1,-1,-1,-1,-1,-1,-1,-1,-1,-1,-1,-1,-1,-1,-1,-1,-1,-1,-1,-1,-1,-1,-1,-1,-1,-1,-1,2,2,10.097,0,0
70006593,1,1,3,1000000,2018-09-13 12:10:00,2018-09-13 12:25:00,4,15,0.162,101,-1,-1,-1,-1.0,-1,-1,-1,-1,-1,-1,-1,-1,4,17,-1,0,-1,-1,-1,-1,-1,-1,-1,-1,-1,-1,-1,-1,-1,-1,-1,-1,-1,-1,-1,-1,-1,-1,-1,-1,-1,-1,-1,-1,-1,-1,-1,-1,-1,-1,-1,-1,0,0,0,1,1,-1,0,0,-1,-1,-1,-1,-1,-1,-1,-1,-1,-1,-1,-1,-1,-1,-1,-1,-1,-1,-1,-1,-1,-1,-1,-1,-1,-1,-1,-1,-1,3,-9,0.139,0,0
70006593,1,1,4,10002,2018-09-13 12:28:00,2018-09-13 16:30:00,3,242,0.162,101,-1,-1,-1,-1.0,-1,-1,-1,-1,-1,-1,-1,-1,5,3,-1,0,-1,-1,-1,-1,-1,-1,-1,-1,-1,-1,-1,-1,-1,-1,-1,-1,-1,-1,-1,-1,-1,-1,-1,-1,-1,-1,-1,-1,-1,-1,-1,-1,-1,-1,-1,-1,0,0,0,1,1,-1,0,0,-1,-1,-1,-1,-1,-1,-1,-1,-1,-1,-1,-1,-1,-1,-1,-1,-1,-1,-1,-1,-1,-1,-1,-1,-1,-1,-1,-1,-1,4,-9,0.139,0,0
70006593,1,1,5,10000,2018-09-13 17:33:00,2018-09-14 03:00:00,63,567,11.512,505,-1,-1,1,-1.0,8,-1,-1,-1,-1,-1,-1,-1,3,1,-1,2,-1,-1,-1,-1,-1,-1,-1,-1,-1,-1,-1,-1,-1,-1,-1,-1,-1,-1,-1,-1,-1,-1,-1,-1,-1,-1,-1,-1,-1,-1,-1,-1,-1,-1,-1,-1,0,0,0,1,1,0,0,0,-1,-1,-1,-1,-1,-1,-1,-1,-1,-1,-1,-1,-1,-1,-1,-1,-1,-1,-1,-1,-1,-1,-1,-1,-1,-1,-1,-1,-1,5,5,10.097,0,0
70006593,2,1,1,10000,2018-09-13 03:00:00,2018-09-13 08:10:00,0,310,-1.0,-1,-1,-1,-1,-1.0,-1,-1,-1,-1,-1,-1,-1,-1,-1,1,-1,0,-1,-1,-1,-1,-1,-1,-1,-1,-1,-1,-1,-1,-1,-1,-1,-1,-1,-1,-1,-1,-1,-1,-1,-1,-1,-1,-1,-1,-1,-1,-1,-1,-1,-1,-1,-1,-1,-1,-1,-1,-1,-1,0,0,-1,-1,-1,-1,-1,-1,-1,-1,-1,-1,-1,-1,-1,-1,-1,-1,-1,-1,-1,-1,-1,-1,-1,-1,-1,-1,-1,-1,-1,1,-9,-1.0,0,0
70006593,2,1,2,40003,2018-09-13 08:17:00,2018-09-13 08:20:00,7,3,0.412,101,-1,-1,-1,-1.0,-1,-1,-1,-1,-1,-1,-1,-1,5,26,-1,0,-1,-1,-1,-1,-1,-1,-1,-1,-1,-1,-1,-1,-1,-1,-1,-1,-1,-1,-1,-1,-1,-1,-1,-1,-1,-1,-1,4,-1,-1,-1,-1,-1,-1,-1,-1,1,1,0,2,2,-1,0,0,-1,-1,-1,-1,-1,-1,-1,-1,-1,-1,-1,-1,-1,-1,-1,-1,-1,-1,-1,-1,-1,-1,-1,-1,-1,-1,-1,-1,-1,2,-9,0.309,0,0
70006593,2,1,3,10000,2018-09-13 08:30:00,2018-09-13 09:30:00,10,60,0.413,101,-1,-1,-1,-1.0,-1,-1,-1,-1,-1,-1,-1,-1,2,1,-1,0,-1,-1,-1,-1,-1,-1,-1,-1,-1,-1,-1,-1,-1,-1,-1,-1,-1,-1,-1,-1,-1,-1,-1,-1,-1,-1,-1,-1,-1,-1,-1,-1,-1,-1,-1,-1,0,0,0,1,1,-1,0,0,-1,-1,-1,-1,-1,-1,-1,-1,-1,-1,-1,-1,-1,-1,-1,-1,-1,-1,-1,-1,-1,-1,-1,-1,-1,-1,-1,-1,-1,3,-9,0.309,0,0
70006593,2,1,4,1000003,2018-09-13 10:30:00,2018-09-13 10:35:00,60,5,19.621,202,-1,1,-1,-1.0,-1,-1,-1,-1,-1,-1,1,-1,2,28,-1,0,-1,-1,-1,-1,-1,-1,-1,-1,-1,-1,-1,-1,-1,-1,-1,-1,-1,-1,-1,-1,-1,-1,-1,-1,-1,-1,-1,-1,-1,-1,-1,-1,-1,-1,-1,-1,1,0,1,1,2,-1,0,0,-1,-1,-1,-1,-1,-1,-1,-1,-1,-1,-1,-1,-1,-1,-1,-1,-1,-1,-1,-1,-1,-1,-1,-1,-1,-1,-1,-1,-1,5,-9,16.38,0,0
70006593,2,1,5,1000004,2018-09-13 12:00:00,2018-09-13 13:00:00,85,60,10.07,102,-1,-1,-1,-1.0,-1,-1,-1,-1,-1,-1,-1,-1,2,17,-1,18,-1,-1,-1,-1,-1,-1,-1,-1,-1,-1,-1,-1,-1,-1,-1,-1,-1,-1,-1,-1,-1,-1,-1,-1,-1,-1,-1,-1,-1,-1,-1,-1,-1,-1,-1,-1,1,0,1,1,2,-1,0,0,-1,-1,-1,-1,-1,-1,-1,-1,-1,-1,-1,-1,-1,-1,-1,-1,-1,-1,-1,-1,-1,-1,-1,-1,-1,-1,-1,-1,-1,5,5,8.111,0,0
70006593,2,1,6,1000003,2018-09-13 14:10:00,2018-09-13 14:15:00,70,5,10.958,102,-1,-1,-1,-1.0,-1,-1,-1,-1,-1,-1,-1,-1,3,28,-1,0,-1,-1,-1,-1,-1,-1,-1,-1,-1,-1,-1,-1,-1,-1,-1,-1,-1,-1,-1,-1,-1,-1,-1,-1,-1,-1,-1,-1,-1,-1,-1,-1,-1,-1,-1,-1,1,0,1,1,2,-1,0,0,-1,-1,-1,-1,-1,-1,-1,-1,-1,-1,-1,-1,-1,-1,-1,-1,-1,-1,-1,-1,-1,-1,-1,-1,-1,-1,-1,-1,-1,7,-9,8.111,0,0
70006593,2,1,7,10000,2018-09-13 15:15:00,2018-09-13 16:00:00,60,45,18.983,202,-1,1,-1,-1.0,-1,-1,-1,-1,-1,-1,4,-1,5,1,-1,0,-1,-1,-1,-1,-1,-1,-1,-1,-1,-1,-1,-1,-1,-1,-1,-1,-1,-1,-1,-1,-1,-1,-1,-1,-1,-1,-1,-1,-1,-1,-1,-1,-1,-1,-1,-1,1,0,1,1,2,-1,0,0,-1,-1,-1,-1,-1,-1,-1,-1,-1,-1,-1,-1,-1,-1,-1,-1,-1,-1,-1,-1,-1,-1,-1,-1,-1,-1,-1,-1,-1,7,7,16.38,0,0
70006593,2,1,8,1000001,2018-09-13 16:05:00,2018-09-13 16:10:00,5,5,0.328,101,-1,-1,-1,-1.0,-1,-1,-1,-1,-1,-1,-1,-1,3,26,-1,0,-1,-1,-1,-1,-1,-1,-1,-1,-1,-1,-1,-1,-1,-1,-1,-1,-1,-1,-1,-1,-1,-1,-1,-1,-1,-1,-1,-1,-1,-1,-1,-1,-1,-1,-1,-1,1,0,1,1,2,-1,0,0,-1,-1,-1,-1,-1,-1,-1,-1,-1,-1,-1,-1,-1,-1,-1,-1,-1,-1,-1,-1,-1,-1,-1,-1,-1,-1,-1,-1,-1,8,-9,0.309,0,0
70006593,2,1,9,10000,2018-09-13 16:15:00,2018-09-13 19:40:00,5,205,0.328,101,-1,-1,-1,-1.0,-1,-1,-1,-1,-1,-1,-1,-1,2,1,-1,0,-1,-1,-1,-1,-1,-1,-1,-1,-1,-1,-1,-1,-1,-1,-1,-1,-1,-1,-1,-1,-1,-1,-1,-1,-1,-1,-1,-1,-1,-1,-1,-1,-1,-1,-1,-1,0,0,0,1,1,-1,0,0,-1,-1,-1,-1,-1,-1,-1,-1,-1,-1,-1,-1,-1,-1,-1,-1,-1,-1,-1,-1,-1,-1,-1,-1,-1,-1,-1,-1,-1,9,-9,0.309,0,0
70006593,2,1,10,1000002,2018-09-13 19:45:00,2018-09-13 19:50:00,5,5,0.734,202,-1,1,-1,-1.0,-1,-1,-1,-1,-1,-1,3,-1,2,26,-1,0,-1,-1,-1,-1,-1,-1,-1,-1,-1,-1,-1,-1,-1,-1,-1,-1,-1,-1,-1,-1,-1,-1,-1,-1,-1,-1,-1,4,-1,-1,-1,-1,-1,-1,-1,-1,1,1,0,2,2,-1,0,0,-1,-1,-1,-1,-1,-1,-1,-1,-1,-1,-1,-1,-1,-1,-1,-1,-1,-1,-1,-1,-1,-1,-1,-1,-1,-1,-1,-1,-1,10,-9,0.352,0,0
70006593,2,1,11,1000005,2018-09-13 20:00:00,2018-09-13 20:45:00,10,45,3.43,202,-1,1,-1,-1.0,-1,-1,-1,-1,-1,-1,1,-1,1,23,-1,0,-1,-1,-1,-1,-1,-1,-1,-1,-1,-1,-1,-1,-1,-1,-1,-1,-1,-1,-1,-1,-1,-1,-1,-1,-1,-1,-1,-1,-1,-1,-1,-1,-1,-1,-1,-1,0,0,0,1,1,-1,0,0,-1,-1,-1,-1,-1,-1,-1,-1,-1,-1,-1,-1,-1,-1,-1,-1,-1,-1,-1,-1,-1,-1,-1,-1,-1,-1,-1,-1,-1,11,-9,2.763,0,0
70006593,2,1,12,1000002,2018-09-13 20:55:00,2018-09-13 21:05:00,10,10,3.356,202,-1,1,-1,-1.0,-1,-1,-1,-1,-1,-1,3,-1,1,26,-1,0,-1,-1,-1,-1,-1,-1,-1,-1,-1,-1,-1,-1,-1,-1,-1,-1,-1,-1,-1,-1,-1,-1,-1,-1,-1,-1,-1,-1,-1,-1,-1,-1,-1,-1,-1,-1,0,0,0,1,1,-1,0,0,-1,-1,-1,-1,-1,-1,-1,-1,-1,-1,-1,-1,-1,-1,-1,-1,-1,-1,-1,-1,-1,-1,-1,-1,-1,-1,-1,-1,-1,12,-9,2.763,0,0
70006593,2,1,13,10000,2018-09-13 21:10:00,2018-09-14 03:00:00,5,350,0.412,202,-1,1,-1,-1.0,-1,-1,-1,-1,-1,-1,4,-1,5,1,-1,0,-1,-1,-1,-1,-1,-1,-1,-1,-1,-1,-1,-1,-1,-1,-1,-1,-1,-1,-1,-1,-1,-1,-1,-1,-1,-1,-1,4,-1,-1,-1,-1,-1,-1,-1,-1,1,1,0,2,2,-1,0,0,-1,-1,-1,-1,-1,-1,-1,-1,-1,-1,-1,-1,-1,-1,-1,-1,-1,-1,-1,-1,-1,-1,-1,-1,-1,-1,-1,-1,-1,13,-9,0.352,0,0
70006593,3,1,1,10000,2018-09-13 03:00:00,2018-09-14 03:00:00,0,1440,-1.0,-1,-1,-1,-1,-1.0,-1,-1,-1,-1,-1,-1,-1,-1,-1,1,-1,1,-1,-1,-1,-1,-1,-1,-1,-1,-1,-1,-1,-1,-1,-1,-1,-1,-1,-1,-1,-1,-1,-1,-1,-1,-1,-1,-1,-1,-1,-1,-1,-1,-1,-1,-1,-1,-1,-1,-1,-1,-1,-1,0,0,-1,-1,-1,-1,-1,-1,-1,-1,-1,-1,-1,-1,-1,-1,-1,-1,-1,-1,-1,-1,-1,-1,-1,-1,-1,-1,-1,-1,-1,1,-9,-1.0,0,0
70006593,4,1,1,10000,2018-09-13 03:00:00,2018-09-13 08:10:00,0,310,-1.0,-1,-1,-1,-1,-1.0,-1,-1,-1,-1,-1,-1,-1,-1,-1,1,-1,0,-1,-1,-1,-1,-1,-1,-1,-1,-1,-1,-1,-1,-1,-1,-1,-1,-1,-1,-1,-1,-1,-1,-1,-1,-1,-1,-1,-1,-1,-1,-1,-1,-1,-1,-1,-1,-1,-1,-1,-1,-1,-1,0,0,-1,-1,-1,-1,-1,-1,-1,-1,-1,-1,-1,-1,-1,-1,-1,-1,-1,-1,-1,-1,-1,-1,-1,-1,-1,-1,-1,-1,-1,1,-9,-1.0,0,0
70006593,4,1,2,40003,2018-09-13 08:17:00,2018-09-13 15:30:00,7,433,0.413,101,-1,-1,-1,-1.0,-1,-1,-1,-1,-1,-1,-1,-1,3,6,-1,0,-1,-1,-1,-1,-1,-1,-1,-1,-1,-1,-1,-1,-1,-1,-1,-1,-1,-1,-1,-1,-1,-1,-1,-1,-1,2,-1,-1,-1,-1,-1,-1,-1,-1,-1,-1,1,1,0,2,2,-1,0,0,-1,-1,-1,-1,-1,-1,-1,-1,-1,-1,-1,-1,-1,-1,-1,-1,-1,-1,-1,-1,-1,-1,-1,-1,-1,-1,-1,-1,-1,2,-9,0.309,0,0
70006593,4,1,3,1000001,2018-09-13 15:35:00,2018-09-13 16:55:00,5,80,0.226,101,-1,-1,-1,-1.0,-1,-1,-1,-1,-1,-1,-1,-1,2,6,-1,18,-1,-1,-1,-1,-1,-1,-1,-1,-1,-1,-1,-1,-1,-1,-1,-1,-1,-1,-1,-1,-1,-1,-1,-1,-1,-1,-1,-1,-1,-1,-1,-1,-1,-1,-1,-1,1,0,1,1,2,-1,0,0,-1,-1,-1,-1,-1,-1,-1,-1,-1,-1,-1,-1,-1,-1,-1,-1,-1,-1,-1,-1,-1,-1,-1,-1,-1,-1,-1,-1,-1,3,-9,0.189,0,0
70006593,4,1,4,10000,2018-09-13 17:00:00,2018-09-13 19:40:00,5,160,0.328,101,-1,-1,-1,-1.0,-1,-1,-1,-1,-1,-1,-1,-1,2,1,-1,0,-1,-1,-1,-1,-1,-1,-1,-1,-1,-1,-1,-1,-1,-1,-1,-1,-1,-1,-1,-1,-1,-1,-1,-1,-1,-1,-1,-1,-1,-1,-1,-1,-1,-1,-1,-1,0,0,0,1,1,-1,0,0,-1,-1,-1,-1,-1,-1,-1,-1,-1,-1,-1,-1,-1,-1,-1,-1,-1,-1,-1,-1,-1,-1,-1,-1,-1,-1,-1,-1,-1,4,-9,0.309,0,0
70006593,4,1,5,1000002,2018-09-13 19:45:00,2018-09-13 21:05:00,5,80,0.734,203,-1,1,-1,-1.0,-1,-1,-1,-1,-1,-1,-1,-1,4,24,-1,0,-1,-1,-1,-1,-1,-1,-1,-1,-1,-1,-1,-1,-1,-1,-1,-1,-1,-1,-1,-1,-1,-1,-1,-1,-1,2,-1,-1,-1,-1,-1,-1,-1,-1,-1,-1,1,1,0,2,2,-1,0,0,-1,-1,-1,-1,-1,-1,-1,-1,-1,-1,-1,-1,-1,-1,-1,-1,-1,-1,-1,-1,-1,-1,-1,-1,-1,-1,-1,-1,-1,5,-9,0.352,0,0
70006593,4,1,6,10000,2018-09-13 21:10:00,2018-09-14 03:00:00,5,350,0.412,203,-1,1,-1,-1.0,-1,-1,-1,-1,-1,-1,-1,-1,5,1,-1,0,-1,-1,-1,-1,-1,-1,-1,-1,-1,-1,-1,-1,-1,-1,-1,-1,-1,-1,-1,-1,-1,-1,-1,-1,-1,2,-1,-1,-1,-1,-1,-1,-1,-1,-1,-1,1,1,0,2,2,-1,0,0,-1,-1,-1,-1,-1,-1,-1,-1,-1,-1,-1,-1,-1,-1,-1,-1,-1,-1,-1,-1,-1,-1,-1,-1,-1,-1,-1,-1,-1,6,-9,0.352,0,0
70046767,1,1,1,10000,2019-03-01 03:00:00,2019-03-01 06:45:00,0,225,-1.0,-1,-1,-1,-1,-1.0,-1,-1,-1,-1,-1,-1,-1,-1,-1,1,-1,0,-1,-1,3,-1,-1,-1,-1,-1,-1,-1,-1,-1,-1,-1,5,-1,-1,-1,-1,5,-1,-1,-1,-1,-1,-1,-1,-1,-1,-1,-1,-1,-1,-1,-1,-1,-1,-1,-1,-1,-1,-1,0,0,-1,-1,-1,-1,-1,-1,-1,-1,-1,-1,-1,-1,-1,-1,-1,-1,-1,-1,-1,-1,-1,-1,-1,-1,-1,-1,-1,-1,-1,1,-9,-1.0,0,0
70046767,1,1,2,10002,2019-03-01 07:22:48,2019-03-01 15:47:38,38,505,15.198,202,-1,1,-1,-1.0,-1,-1,2,-1,-1,-1,1,-1,3,3,-1,0,-1,-1,-1,-1,-1,-1,-1,-1,-1,-1,-1,-1,-1,-1,-1,-1,-1,-1,-1,-1,-1,-1,-1,-1,-1,-1,-1,-1,-1,-1,-1,-1,-1,-1,-1,-1,0,0,0,1,1,-1,0,0,-1,-1,-1,-1,-1,-1,-1,-1,-1,-1,-1,-1,-1,-1,-1,-1,-1,-1,-1,-1,-1,-1,-1,-1,-1,-1,-1,-1,-1,2,-9,13.053,0,0
70046767,1,1,3,10000,2019-03-01 16:20:31,2019-03-01 16:58:15,33,37,15.191,202,-1,1,-1,-1.0,-1,-1,2,-1,-1,-1,4,-1,1,1,-1,0,-1,-1,3,-1,-1,-1,-1,-1,-1,-1,-1,-1,-1,-1,5,-1,-1,-1,-1,5,-1,-1,-1,-1,-1,-1,-1,-1,-1,-1,-1,-1,-1,-1,-1,-1,0,0,0,1,1,-1,0,0,-1,-1,-1,-1,-1,-1,-1,-1,-1,-1,-1,-1,-1,-1,-1,-1,-1,-1,-1,-1,-1,-1,-1,-1,-1,-1,-1,-1,-1,3,-9,13.053,0,0
70046767,1,1,4,2000006,2019-03-01 17:05:52,2019-03-01 17:57:14,8,51,2.896,202,-1,1,-1,-1.0,-1,-1,2,-1,-1,-1,1,-1,5,17,-1,0,-1,-1,-1,-1,-1,-1,-1,-1,-1,-1,-1,-1,-1,-1,-1,-1,-1,-1,-1,-1,-1,-1,-1,-1,-1,2,-1,-1,-1,-1,-1,-1,-1,-1,-1,-1,1,1,0,2,2,-1,0,0,-1,-1,-1,-1,-1,-1,-1,-1,-1,-1,-1,-1,-1,-1,-1,-1,-1,-1,-1,-1,-1,-1,-1,-1,-1,-1,-1,-1,-1,4,-9,1.993,0,0
70046767,1,1,5,2000007,2019-03-01 18:07:05,2019-03-01 18:14:51,10,8,1.623,202,-1,1,-1,-1.0,-1,-1,2,-1,-1,-1,1,-1,2,11,-1,0,-1,-1,-1,-1,-1,-1,-1,-1,-1,-1,-1,-1,-1,-1,-1,-1,-1,-1,-1,-1,-1,-1,-1,-1,-1,2,-1,-1,-1,-1,-1,-1,-1,-1,-1,-1,1,1,0,2,2,-1,0,0,-1,-1,-1,-1,-1,-1,-1,-1,-1,-1,-1,-1,-1,-1,-1,-1,-1,-1,-1,-1,-1,-1,-1,-1,-1,-1,-1,-1,-1,5,-9,1.085,0,0
70046767,1,1,6,10000,2019-03-01 18:30:00,2019-03-02 03:00:00,15,510,1.427,202,-1,1,-1,-1.0,-1,-1,2,-1,-1,-1,4,-1,1,1,-1,0,-1,-1,1,-1,-1,-1,-1,-1,-1,-1,-1,-1,-1,-1,-1,-1,-1,-1,-1,-1,-1,-1,-1,-1,-1,2,-1,-1,-1,-1,-1,-1,-1,-1,-1,-1,1,1,0,2,2,-1,0,0,-1,-1,-1,-1,-1,-1,-1,-1,-1,-1,-1,-1,-1,-1,-1,-1,-1,-1,-1,-1,-1,-1,-1,-1,-1,-1,-1,-1,-1,6,-9,1.114,0,0
70046767,2,1,1,10000,2019-03-01 03:00:00,2019-03-01 08:45:00,0,345,-1.0,-1,-1,-1,-1,-1.0,-1,-1,-1,-1,-1,-1,-1,-1,-1,1,-1,1,-1,-1,-1,-1,-1,-1,-1,-1,-1,-1,-1,-1,-1,-1,-1,-1,-1,-1,-1,-1,-1,-1,-1,-1,-1,-1,-1,-1,-1,-1,-1,-1,-1,-1,-1,-1,-1,-1,-1,-1,-1,-1,0,0,-1,-1,-1,-1,-1,-1,-1,-1,-1,-1,-1,-1,-1,-1,-1,-1,-1,-1,-1,-1,-1,-1,-1,-1,-1,-1,-1,-1,-1,1,-9,-1.0,0,0
70046767,2,1,2,2000008,2019-03-01 09:00:00,2019-03-01 15:00:00,15,360,3.842,203,-1,97,-1,-1.0,-1,-1,-1,-1,-1,-1,-1,-1,5,6,-1,0,-1,-1,-1,-1,-1,-1,-1,-1,-1,-1,-1,-1,-1,-1,-1,-1,-1,-1,-1,-1,-1,-1,-1,-1,-1,-1,-1,-1,-1,-1,-1,-1,-1,-1,-1,-1,1,0,1,1,2,-1,0,0,-1,-1,-1,-1,-1,-1,-1,-1,-1,-1,-1,-1,-1,-1,-1,-1,-1,-1,-1,-1,-1,-1,-1,-1,-1,-1,-1,-1,-1,2,-9,2.026,0,0
70046767,2,1,3,10000,2019-03-01 15:15:00,2019-03-01 16:50:00,15,95,3.844,203,-1,97,-1,-1.0,-1,-1,-1,-1,-1,-1,-1,-1,4,1,-1,0,-1,-1,-1,-1,-1,-1,-1,-1,-1,-1,-1,-1,-1,-1,-1,-1,-1,-1,-1,-1,-1,-1,-1,-1,-1,-1,-1,-1,-1,-1,-1,-1,-1,-1,-1,-1,1,0,1,1,2,-1,0,0,-1,-1,-1,-1,-1,-1,-1,-1,-1,-1,-1,-1,-1,-1,-1,-1,-1,-1,-1,-1,-1,-1,-1,-1,-1,-1,-1,-1,-1,3,-9,2.026,0,0
70046767,2,1,4,2000006,2019-03-01 17:00:00,2019-03-01 17:57:00,10,57,2.896,203,-1,1,-1,-1.0,-1,-1,-1,-1,-1,-1,-1,-1,4,17,-1,0,-1,-1,-1,-1,-1,-1,-1,-1,-1,-1,-1,-1,-1,-1,-1,-1,-1,-1,-1,-1,-1,-1,-1,-1,1,-1,-1,-1,-1,-1,-1,-1,-1,-1,-1,-1,1,1,0,2,2,-1,0,0,-1,-1,-1,-1,-1,-1,-1,-1,-1,-1,-1,-1,-1,-1,-1,-1,-1,-1,-1,-1,-1,-1,-1,-1,-1,-1,-1,-1,-1,4,-9,1.993,0,0
70046767,2,1,5,2000007,2019-03-01 18:07:00,2019-03-01 18:14:00,10,7,1.623,203,-1,1,-1,-1.0,-1,-1,-1,-1,-1,-1,-1,-1,5,11,-1,0,-1,-1,-1,-1,-1,-1,-1,-1,-1,-1,-1,-1,-1,-1,-1,-1,-1,-1,-1,-1,-1,-1,-1,-1,1,-1,-1,-1,-1,-1,-1,-1,-1,-1,-1,-1,1,1,0,2,2,-1,0,0,-1,-1,-1,-1,-1,-1,-1,-1,-1,-1,-1,-1,-1,-1,-1,-1,-1,-1,-1,-1,-1,-1,-1,-1,-1,-1,-1,-1,-1,5,-9,1.085,0,0
70046767,2,1,6,10000,2019-03-01 18:30:00,2019-03-02 03:00:00,16,510,1.427,203,-1,1,-1,-1.0,-1,-1,-1,-1,-1,-1,-1,-1,5,1,-1,0,-1,-1,-1,-1,-1,-1,-1,-1,-1,-1,-1,-1,-1,-1,-1,-1,-1,-1,-1,-1,-1,-1,-1,-1,1,-1,-1,-1,-1,-1,-1,-1,-1,-1,-1,-1,1,1,0,2,2,-1,0,0,-1,-1,-1,-1,-1,-1,-1,-1,-1,-1,-1,-1,-1,-1,-1,-1,-1,-1,-1,-1,-1,-1,-1,-1,-1,-1,-1,-1,-1,6,-9,1.114,0,0
