tripid,persid,hhid,stops,tripno,starthour,startime,arrhour,arrtime,triptime,travtime,waitime,duration,cumdist,origplace1,origplace2,origpurp1,origpurp2,destplace1,destplace2,destpurp1,destpurp2,origLGA,destLGA,trippurp,linkmode,dist1,dist2,dist3,dist4,dist5,dist6,dist7,dist8,dist9,dist10,mode1,mode2,mode3,mode4,mode5,mode6,mode7,mode8,mode9,mode10,time1,time2,time3,time4,time5,time6,time7,time8,time9,time10,wdtripwgt_LGA,wetripwgt_LGA
Y13H0240434P01T01,Y13H0240434P01,Y13H0240434,1,1,9,570,9,575,5,5,0,40,1.11,Accommodation,Survey Home,At Home,At home,Shops,Chemist,Buy Something,Bought something,Hobsons Bay (C),Hobsons Bay (C),Buy Something,Vehicle Driver,1.11,N/A,N/A,N/A,N/A,N/A,N/A,N/A,N/A,N/A,Vehicle Driver,N/A,N/A,N/A,N/A,N/A,N/A,N/A,N/A,N/A,5,N/A,N/A,N/A,N/A,N/A,N/A,N/A,N/A,N/A,,204.78
Y13H0240434P01T02,Y13H0240434P01,Y13H0240434,1,2,10,615,10,625,10,10,0,230,1.11,Shops,Chemist,Buy Something,Bought something,Accommodation,Survey Home,At or Go Home,Go home,Hobsons Bay (C),Hobsons Bay (C),Buy Something,Vehicle Driver,1.11,N/A,N/A,N/A,N/A,N/A,N/A,N/A,N/A,N/A,Vehicle Driver,N/A,N/A,N/A,N/A,N/A,N/A,N/A,N/A,N/A,10,N/A,N/A,N/A,N/A,N/A,N/A,N/A,N/A,N/A,,204.78
Y13H0240434P01T03,Y13H0240434P01,Y13H0240434,1,3,14,855,14,875,20,20,0,155,6.4,Accommodation,Survey Home,At Home,At home,Social Place,Theatre,Social,"Watched concert, movies etc",Hobsons Bay (C),Maribyrnong (C),Social,Vehicle Driver,6.4,N/A,N/A,N/A,N/A,N/A,N/A,N/A,N/A,N/A,Vehicle Driver,N/A,N/A,N/A,N/A,N/A,N/A,N/A,N/A,N/A,20,N/A,N/A,N/A,N/A,N/A,N/A,N/A,N/A,N/A,,204.78
Y13H0240434P01T04,Y13H0240434P01,Y13H0240434,1,4,17,1030,17,1050,20,20,0,N/A,6.4,Social Place,Theatre,Social,"Watched concert, movies etc",Accommodation,Survey Home,At or Go Home,Go home,Maribyrnong (C),Hobsons Bay (C),Social,Vehicle Driver,6.4,N/A,N/A,N/A,N/A,N/A,N/A,N/A,N/A,N/A,Vehicle Driver,N/A,N/A,N/A,N/A,N/A,N/A,N/A,N/A,N/A,20,N/A,N/A,N/A,N/A,N/A,N/A,N/A,N/A,N/A,,204.78
Y13H0240434P02T01,Y13H0240434P02,Y13H0240434,1,1,14,855,14,875,20,20,0,155,6.4,Accommodation,Survey Home,At Home,At home,Social Place,Theatre,Social,"Watched concert, movies etc",Hobsons Bay (C),Maribyrnong (C),Social,Vehicle Passenger,6.4,N/A,N/A,N/A,N/A,N/A,N/A,N/A,N/A,N/A,Vehicle Passenger,N/A,N/A,N/A,N/A,N/A,N/A,N/A,N/A,N/A,20,N/A,N/A,N/A,N/A,N/A,N/A,N/A,N/A,N/A,,193.79
Y13H0240434P02T02,Y13H0240434P02,Y13H0240434,1,2,17,1030,17,1050,20,20,0,N/A,6.4,Social Place,Theatre,Social,"Watched concert, movies etc",Accommodation,Survey Home,At or Go Home,Go home,Maribyrnong (C),Hobsons Bay (C),Social,Vehicle Passenger,6.4,N/A,N/A,N/A,N/A,N/A,N/A,N/A,N/A,N/A,Vehicle Passenger,N/A,N/A,N/A,N/A,N/A,N/A,N/A,N/A,N/A,20,N/A,N/A,N/A,N/A,N/A,N/A,N/A,N/A,N/A,,193.79
Y16H1900201P01T01,Y16H1900201P01,Y16H1900201,1,1,7,460,8,480,20,20,0,510,11.77,Accommodation,Survey Home,At Home,At home,Workplace,My Workplace,Work Related,Own Workplace,Knox (C),Greater Dandenong (C),Work Related,Vehicle Driver,11.77,N/A,N/A,N/A,N/A,N/A,N/A,N/A,N/A,N/A,Vehicle Driver,N/A,N/A,N/A,N/A,N/A,N/A,N/A,N/A,N/A,20,N/A,N/A,N/A,N/A,N/A,N/A,N/A,N/A,N/A,71.12,
Y16H1900201P01T02,Y16H1900201P01,Y16H1900201,1,2,16,990,16,1015,25,25,0,95,11.77,Workplace,My Workplace,Work Related,Own Workplace,Accommodation,Survey Home,At or Go Home,Go home,Greater Dandenong (C),Knox (C),Work Related,Vehicle Driver,11.77,N/A,N/A,N/A,N/A,N/A,N/A,N/A,N/A,N/A,Vehicle Driver,N/A,N/A,N/A,N/A,N/A,N/A,N/A,N/A,N/A,25,N/A,N/A,N/A,N/A,N/A,N/A,N/A,N/A,N/A,71.12,
Y16H1900201P01T03,Y16H1900201P01,Y16H1900201,1,3,18,1110,19,1140,30,30,0,0,2.28,Accommodation,Survey Home,At Home,At home,Recreational Place,Recreational NEC,Personal Business,Walked the dog,Knox (C),Greater Dandenong (C),Personal Business,Walking,2.28,N/A,N/A,N/A,N/A,N/A,N/A,N/A,N/A,N/A,Walking,N/A,N/A,N/A,N/A,N/A,N/A,N/A,N/A,N/A,30,N/A,N/A,N/A,N/A,N/A,N/A,N/A,N/A,N/A,71.12,
Y16H1900201P01T04,Y16H1900201P01,Y16H1900201,1,4,19,1140,19,1170,30,30,0,N/A,2.28,Recreational Place,Recreational NEC,Personal Business,Walked the dog,Accommodation,Survey Home,At or Go Home,Go home,Greater Dandenong (C),Knox (C),Personal Business,Walking,2.28,N/A,N/A,N/A,N/A,N/A,N/A,N/A,N/A,N/A,Walking,N/A,N/A,N/A,N/A,N/A,N/A,N/A,N/A,N/A,30,N/A,N/A,N/A,N/A,N/A,N/A,N/A,N/A,N/A,71.12,
Y16H1900201P02T01,Y16H1900201P02,Y16H1900201,1,1,7,435,8,480,45,45,0,480,19.53,Accommodation,Survey Home,At Home,At home,Workplace,Workplace NEC,Work Related,Own Workplace,Knox (C),Kingston (C) (Vic.),Work Related,Vehicle Driver,19.53,N/A,N/A,N/A,N/A,N/A,N/A,N/A,N/A,N/A,Vehicle Driver,N/A,N/A,N/A,N/A,N/A,N/A,N/A,N/A,N/A,45,N/A,N/A,N/A,N/A,N/A,N/A,N/A,N/A,N/A,68.62,
Y16H1900201P02T02,Y16H1900201P02,Y16H1900201,1,2,16,960,16,1010,50,50,0,N/A,19.53,Workplace,Workplace NEC,Work Related,Own Workplace,Accommodation,Survey Home,At or Go Home,Go home,Kingston (C) (Vic.),Knox (C),Work Related,Vehicle Driver,19.53,N/A,N/A,N/A,N/A,N/A,N/A,N/A,N/A,N/A,Vehicle Driver,N/A,N/A,N/A,N/A,N/A,N/A,N/A,N/A,N/A,50,N/A,N/A,N/A,N/A,N/A,N/A,N/A,N/A,N/A,68.62,
Y16H1900201P03T01,Y16H1900201P03,Y16H1900201,1,1,8,500,9,540,40,40,0,480,20.04,Accommodation,Survey Home,At Home,At home,Place of Education,Tertiary,Work Related,Own Workplace,Knox (C),Whitehorse (C),Work Related,Vehicle Driver,20.04,N/A,N/A,N/A,N/A,N/A,N/A,N/A,N/A,N/A,Vehicle Driver,N/A,N/A,N/A,N/A,N/A,N/A,N/A,N/A,N/A,40,N/A,N/A,N/A,N/A,N/A,N/A,N/A,N/A,N/A,107.77,
Y16H1900201P03T02,Y16H1900201P03,Y16H1900201,1,2,17,1020,18,1080,60,60,0,90,16.83,Place of Education,Tertiary,Work Related,Own Workplace,Recreational Place,Gym,Recreational,Other recreational (eg. exercise),Whitehorse (C),Knox (C),Recreational,Vehicle Driver,16.83,N/A,N/A,N/A,N/A,N/A,N/A,N/A,N/A,N/A,Vehicle Driver,N/A,N/A,N/A,N/A,N/A,N/A,N/A,N/A,N/A,60,N/A,N/A,N/A,N/A,N/A,N/A,N/A,N/A,N/A,107.77,
Y16H1900201P03T03,Y16H1900201P03,Y16H1900201,1,3,19,1170,20,1200,30,30,0,N/A,9.64,Recreational Place,Gym,Recreational,Other recreational (eg. exercise),Accommodation,Survey Home,At or Go Home,Go home,Knox (C),Knox (C),Recreational,Vehicle Driver,9.64,N/A,N/A,N/A,N/A,N/A,N/A,N/A,N/A,N/A,Vehicle Driver,N/A,N/A,N/A,N/A,N/A,N/A,N/A,N/A,N/A,30,N/A,N/A,N/A,N/A,N/A,N/A,N/A,N/A,N/A,107.77,
Y16H1900201P04T01,Y16H1900201P04,Y16H1900201,4,1,8,500,9,540,40,32,8,409,6.58,Accommodation,Survey Home,At Home,At home,Place of Education,Secondary School,Education,At school,Knox (C),Knox (C),Education,Public Bus,0.26,2.59,3.43,0.3,N/A,N/A,N/A,N/A,N/A,N/A,Walking,Public Bus,Public Bus,Walking,N/A,N/A,N/A,N/A,N/A,N/A,5,14,8,5,N/A,N/A,N/A,N/A,N/A,N/A,86.45,
Y16H1900201P04T02,Y16H1900201P04,Y16H1900201,4,2,15,949,16,1010,61,32,29,N/A,6.4,Place of Education,Secondary School,Education,At school,Accommodation,Survey Home,At or Go Home,Go home,Knox (C),Knox (C),Change Mode,Public Bus,0.3,3.43,2.09,0.58,N/A,N/A,N/A,N/A,N/A,N/A,Walking,Public Bus,Public Bus,Walking,N/A,N/A,N/A,N/A,N/A,N/A,11,5,6,10,N/A,N/A,N/A,N/A,N/A,N/A,86.45,
Y16H1900201P05T01,Y16H1900201P05,Y16H1900201,4,1,8,500,9,540,40,32,8,480,6.58,Accommodation,Survey Home,At Home,At home,Place of Education,Secondary School,Education,At school,Knox (C),Knox (C),Education,Public Bus,0.26,2.59,3.43,0.3,N/A,N/A,N/A,N/A,N/A,N/A,Walking,Public Bus,Public Bus,Walking,N/A,N/A,N/A,N/A,N/A,N/A,5,14,8,5,N/A,N/A,N/A,N/A,N/A,N/A,110.32,
Y16H1900201P05T02,Y16H1900201P05,Y16H1900201,3,2,17,1020,17,1050,30,25,5,N/A,5.04,Place of Education,Secondary School,Education,At school,Accommodation,Survey Home,At or Go Home,Go home,Knox (C),Knox (C),Change Mode,Public Bus,0.3,4.16,0.58,N/A,N/A,N/A,N/A,N/A,N/A,N/A,Walking,Public Bus,Walking,N/A,N/A,N/A,N/A,N/A,N/A,N/A,5,10,10,N/A,N/A,N/A,N/A,N/A,N/A,N/A,110.32,
Y18H2980531P01T01,Y18H2980531P01,Y18H2980531,1,1,9,570,10,615,45,45,0,225,26.2,Accommodation,Survey Home,At Home,At home,Social Place,Gambling,Social,Ate or drank,Melton (C),Melbourne (C),Social,Vehicle Passenger,26.2,N/A,N/A,N/A,N/A,N/A,N/A,N/A,N/A,N/A,Vehicle Passenger,N/A,N/A,N/A,N/A,N/A,N/A,N/A,N/A,N/A,45,N/A,N/A,N/A,N/A,N/A,N/A,N/A,N/A,N/A,76.14,
Y18H2980531P01T02,Y18H2980531P01,Y18H2980531,1,2,14,840,14,880,40,40,0,N/A,25.95,Social Place,Gambling,Social,Ate or drank,Accommodation,Survey Home,At or Go Home,Go home,Melbourne (C),Melton (C),Social,Vehicle Passenger,25.95,N/A,N/A,N/A,N/A,N/A,N/A,N/A,N/A,N/A,Vehicle Passenger,N/A,N/A,N/A,N/A,N/A,N/A,N/A,N/A,N/A,40,N/A,N/A,N/A,N/A,N/A,N/A,N/A,N/A,N/A,76.14,
Y18H2980531P02T01,Y18H2980531P02,Y18H2980531,1,1,9,570,10,615,45,45,0,225,26.2,Accommodation,Survey Home,At Home,At home,Social Place,Gambling,Social,Ate or drank,Melton (C),Melbourne (C),Social,Vehicle Passenger,26.2,N/A,N/A,N/A,N/A,N/A,N/A,N/A,N/A,N/A,Vehicle Passenger,N/A,N/A,N/A,N/A,N/A,N/A,N/A,N/A,N/A,45,N/A,N/A,N/A,N/A,N/A,N/A,N/A,N/A,N/A,78.92,
Y18H2980531P02T02,Y18H2980531P02,Y18H2980531,1,2,14,840,14,880,40,40,0,N/A,25.95,Social Place,Gambling,Social,Ate or drank,Accommodation,Survey Home,At or Go Home,Go home,Melbourne (C),Melton (C),Social,Vehicle Passenger,25.95,N/A,N/A,N/A,N/A,N/A,N/A,N/A,N/A,N/A,Vehicle Passenger,N/A,N/A,N/A,N/A,N/A,N/A,N/A,N/A,N/A,40,N/A,N/A,N/A,N/A,N/A,N/A,N/A,N/A,N/A,78.92,
Y18H3150424P01T01,Y18H3150424P01,Y18H3150424,1,1,8,510,8,513,3,3,0,2,1.04,Accommodation,Survey Home,At Home,At home,Place of Education,Primary School,Pick-up or Drop-off Someone,Someone picked-up or delivered,Moreland (C),Moreland (C),Pick-up or Drop-off Someone,Vehicle Driver,1.04,N/A,N/A,N/A,N/A,N/A,N/A,N/A,N/A,N/A,Vehicle Driver,N/A,N/A,N/A,N/A,N/A,N/A,N/A,N/A,N/A,3,N/A,N/A,N/A,N/A,N/A,N/A,N/A,N/A,N/A,46.71,
Y18H3150424P01T02,Y18H3150424P01,Y18H3150424,1,2,8,515,9,540,25,25,0,510,9.74,Place of Education,Primary School,Pick-up or Drop-off Someone,Someone picked-up or delivered,Workplace,My Workplace,Work Related,Own Workplace,Moreland (C),Melbourne (C),Work Related,Vehicle Driver,9.74,N/A,N/A,N/A,N/A,N/A,N/A,N/A,N/A,N/A,Vehicle Driver,N/A,N/A,N/A,N/A,N/A,N/A,N/A,N/A,N/A,25,N/A,N/A,N/A,N/A,N/A,N/A,N/A,N/A,N/A,46.71,
Y18H3150424P01T03,Y18H3150424P01,Y18H3150424,1,3,17,1050,17,1065,15,15,0,N/A,9.61,Workplace,My Workplace,Work Related,Own Workplace,Accommodation,Survey Home,At or Go Home,Go home,Melbourne (C),Moreland (C),Work Related,Vehicle Driver,9.61,N/A,N/A,N/A,N/A,N/A,N/A,N/A,N/A,N/A,Vehicle Driver,N/A,N/A,N/A,N/A,N/A,N/A,N/A,N/A,N/A,15,N/A,N/A,N/A,N/A,N/A,N/A,N/A,N/A,N/A,46.71,
Y18H3150424P02T01,Y18H3150424P02,Y18H3150424,1,1,6,410,7,423,13,13,0,477,13.18,Accommodation,Survey Home,At Home,At home,Workplace,My Workplace,Work Related,Own Workplace,Moreland (C),Melbourne (C),Work Related,Vehicle Driver,13.19,N/A,N/A,N/A,N/A,N/A,N/A,N/A,N/A,N/A,Vehicle Driver,N/A,N/A,N/A,N/A,N/A,N/A,N/A,N/A,N/A,13,N/A,N/A,N/A,N/A,N/A,N/A,N/A,N/A,N/A,54.59,
Y18H3150424P02T02,Y18H3150424P02,Y18H3150424,1,2,15,900,15,915,15,15,0,10,13.03,Workplace,My Workplace,Work Related,Own Workplace,Place of Education,Primary School,Pick-up or Drop-off Someone,Someone picked-up or delivered,Melbourne (C),Moreland (C),Pick-up or Drop-off Someone,Vehicle Driver,13.03,N/A,N/A,N/A,N/A,N/A,N/A,N/A,N/A,N/A,Vehicle Driver,N/A,N/A,N/A,N/A,N/A,N/A,N/A,N/A,N/A,15,N/A,N/A,N/A,N/A,N/A,N/A,N/A,N/A,N/A,54.59,
Y18H3150424P02T03,Y18H3150424P02,Y18H3150424,1,3,15,925,15,930,5,5,0,N/A,1.04,Place of Education,Primary School,Pick-up or Drop-off Someone,Someone picked-up or delivered,Accommodation,Survey Home,At or Go Home,Go home,Moreland (C),Moreland (C),Pick-up or Drop-off Someone,Vehicle Driver,1.04,N/A,N/A,N/A,N/A,N/A,N/A,N/A,N/A,N/A,Vehicle Driver,N/A,N/A,N/A,N/A,N/A,N/A,N/A,N/A,N/A,5,N/A,N/A,N/A,N/A,N/A,N/A,N/A,N/A,N/A,54.59,
Y18H3150424P03T01,Y18H3150424P03,Y18H3150424,1,1,8,510,8,513,3,3,0,412,1.04,Accommodation,Survey Home,At Home,At home,Place of Education,Primary School,Education,At school,Moreland (C),Moreland (C),Education,Vehicle Passenger,1.04,N/A,N/A,N/A,N/A,N/A,N/A,N/A,N/A,N/A,Vehicle Passenger,N/A,N/A,N/A,N/A,N/A,N/A,N/A,N/A,N/A,3,N/A,N/A,N/A,N/A,N/A,N/A,N/A,N/A,N/A,52.6,
Y18H3150424P03T02,Y18H3150424P03,Y18H3150424,1,2,15,925,15,930,5,5,0,N/A,1.04,Place of Education,Primary School,Education,At school,Accommodation,Survey Home,At or Go Home,Go home,Moreland (C),Moreland (C),Education,Vehicle Passenger,1.04,N/A,N/A,N/A,N/A,N/A,N/A,N/A,N/A,N/A,Vehicle Passenger,N/A,N/A,N/A,N/A,N/A,N/A,N/A,N/A,N/A,5,N/A,N/A,N/A,N/A,N/A,N/A,N/A,N/A,N/A,52.6,
Y18H3150424P04T01,Y18H3150424P04,Y18H3150424,1,1,8,510,8,513,3,3,0,412,1.04,Accommodation,Survey Home,At Home,At home,Place of Education,Primary School,Education,At school,Moreland (C),Moreland (C),Education,Vehicle Passenger,1.04,N/A,N/A,N/A,N/A,N/A,N/A,N/A,N/A,N/A,Vehicle Passenger,N/A,N/A,N/A,N/A,N/A,N/A,N/A,N/A,N/A,3,N/A,N/A,N/A,N/A,N/A,N/A,N/A,N/A,N/A,50.75,
Y18H3150424P04T02,Y18H3150424P04,Y18H3150424,1,2,15,925,15,930,5,5,0,N/A,1.04,Place of Education,Primary School,Education,At school,Accommodation,Survey Home,At or Go Home,Go home,Moreland (C),Moreland (C),Education,Vehicle Passenger,1.04,N/A,N/A,N/A,N/A,N/A,N/A,N/A,N/A,N/A,Vehicle Passenger,N/A,N/A,N/A,N/A,N/A,N/A,N/A,N/A,N/A,5,N/A,N/A,N/A,N/A,N/A,N/A,N/A,N/A,N/A,50.75,
