OP	OPID	Steekproef	Mode	HHPers	HHSam	HHPlOP	HHLft1	HHLft2	HHLft3	HHLft4	WoPC	WoGem	Sted	GemGr	Prov	Corop	BuurtAdam	MRA	MRDH	Utr	Geslacht	Leeftijd	KLeeft	HerkLand	BetWerk	OnbBez	MaatsPart	Opleiding	HHBestInkG	HHGestInkG	HHLaagInk	HHSocInk	HHWelvG	HHRijbewijsAu	HHRijbewijsMo	HHRijbewijsBr	OPRijbewijsAu	OPRijbewijsMo	OPRijbewijsBr	HHAuto	HHAutoL	OPAuto	BrandstofPa1	XBrandstofPa1	BrandstofEPa1	BouwjaarPa1	KBouwjaarPa1	KGewichtPa1	TenaamPa1	BrandstofPa2	XBrandstofPa2	BrandstofEPa2	BouwjaarPa2	KBouwjaarPa2	KGewichtPa2	TenaamPa2	BrandstofPaL	XBrandstofPaL	BrandstofEPaL	BouwjaarPaL	KBouwjaarPaL	KGewichtPaL	HHMotor	OPMotor	HHBrom	OPBrom	HHSnor	OPSnor	HHEFiets	HHBezitVm	OPBezitVm	FqLopen	FqNEFiets	FqEFiets	FqBTM	FqTrein	FqAutoB	FqAutoP	FqBrSnor	FqMotor	OVStKaart	WrkVervw	WrkVerg	VergVast	VergKm	VergBrSt	VergOV	VergAans	VergVoer	VergBudg	VergPark	VergStal	VergAnd	BerWrk	RdWrkA	RdWrkB	BerOnd	RdOndA	RdOndB	BerSup	RdSupA	RdSupB	BerZiek	RdZiekA	RdZiekB	BerArts	RdArtsA	RdArtsB	BerStat	RdStatA	RdStatB	BerHalte	RdHalteA	RdHalteB	BerFam	RdFamA	RdFamB	BerSport	RdSportA	RdSportB	Jaar	Maand	Week	Dag	Weekdag	Feestdag	Weggeweest	RedenNW	RedenNWZ	RedenNWW	RedenNWB	AantVpl	AantOVVpl	AantSVpl	EFiets	AutoEig	AutoHhL	AutoLWg	AutoLPl	AutoBed	AutoDOrg	AutoDPart	AutoDBek	AutoLeen	AutoHuur	AutoAnd	ByzDag	ByzAdr	ByzVvm	ByzTyd	ByzDuur	ByzRoute	ByzReden	ReisduurOP	AfstandOP	AfstandSOP	Verpl	VerplID	VerplNr	Toer	AantRit	Doel	MotiefV	KMotiefV	MeerWink	AardWerk	VertLoc	VertGeb	VertPC	VertPCBL	VertGem	VertProv	VertCorop	VertMRA	VertMRDH	VertUtr	AankGeb	AankPC	AankPCBL	AankGem	AankProv	AankCorop	AankMRA	AankMRDH	AankUtr	PCG	GemG	PCBLG	AfstV	KAfstV	Hvm	HvmRol	KHvm	VertUur	VertMin	KVertTijd	AankUur	AankMin	Reisduur	KReisduur	ActDuur	Kind6	VolgWerk	SAantAdr	SDezPlts	SPlaats1	SPlaats2	SPlaats3	SPlaats4	SPlaats5	AfstS	AfstSBL	SVvm1	SVvm2	SVvm3	SVvm4	SBegUur	SBegMin	SEindUur	SEindMin	CorrVerpl	GehBLVer	Rit	RitID	RitNr	AfstR	AfstRBL	KAfstR	Rvm	RvmRol	RAantIn	KRvm	RVertUur	RVertMin	RAankUur	RAankMin	RReisduur	RReisduurBL	RVertStat	RAankStat	RTSamen	RCorrSnelh	RVliegVer	FactorH	FactorP	FactorV
1	900001	6	1	3	1	1	0	0	0	4	2496	518	1	8	11	26	0	22	18	21	2	24	13	2	3	2	2	4	7	10	8	9	9	2	0	2	1	0	1	2	0	1	1	0	0	2017	3	3	1	4	7	6	9995	1	1	3	7	7	6	9995	9	7	1	1	0	0	0	0	0	3	0	2	3	5	1	3	2	3	5	5	4	12	1	0	1	0	2	2	0	1	2	2	2	1	14	13	1	14	13	1	13	13	1	13	13	1	13	13	1	13	13	1	13	13	2	13	13	1	13	13	2023	9	34	11	4	0	1	0	0	0	0	2	0	0	5	4	4	4	4	4	4	2	2	4	2	2	3	3	3	3	3	3	11	85	520	0	""	27677326496901	1	0	2	8	1	7	3	12	1	0	2496	1	518	9	17	22	4	21	0	3144	1	518	11	29	22	13	21	0	0	0	200	10	9	1	1	16	0	9	8	25	30	7	570	0	1	#NULL!	#NULL!						#NULL!	#NULL!	#NULL!	#NULL!	#NULL!	#NULL!	#NULL!	#NULL!	#NULL!	#NULL!	0	0	1	2796635678690101	1	200	0	10	9	1	11	6	16	0	12	15	25	0	000	000	13	0	0	12	136	16883
1	900002	1	1	3	3	4	0	0	0	1	5165	344	1	8	9	29	0	22	4	21	1	56	16	3	3	3	2	3	9	8	8	9	10	1	1	2	1	0	1	1	0	1	1	0	3	2020	4	4	1	1	7	6	9995	9	3	3	7	7	0	2020	9	7	0	0	0	0	0	0	1	2	3	2	1	2	5	4	2	5	5	5	4	1	1	0	0	2	2	2	2	2	2	0	0	1	13	13	1	13	14	1	13	13	1	13	12	2	13	13	1	13	13	1	13	13	1	13	13	7	14	14	2023	5	21	27	5	0	1	0	0	0	0	2	0	0	5	2	2	2	4	2	2	2	4	4	4	2	1	2	3	3	3	3	11	90	410	0	""	27262546096901	1	0	1	13	1	1	3	12	1	0	3571	1	344	7	26	22	11	21	0	3572	1	758	9	33	22	1	18	0	0	0	200	10	1	4	1	16	0	9	16	30	3	6	170	0	9	#NULL!	#NULL!						#NULL!	#NULL!	#NULL!	#NULL!	#NULL!	#NULL!	#NULL!	#NULL!	#NULL!	#NULL!	0	0	1	2726254609690101	1	200	0	1	1	1	2	6	8	0	10	25	30	0	000	000	13	0	0	17	46	44070
1	900003	1	1	1	8	5	0	0	0	3	3039	867	1	8	9	34	0	22	4	21	1	44	13	2	1	0	4	4	7	10	8	9	7	1	0	1	1	1	1	1	1	1	1	1	0	2010	3	3	2	7	7	0	2011	1	7	2	7	0	6	9995	9	3	0	0	0	0	0	0	0	3	3	1	1	5	3	4	3	5	5	5	1	4	3	2	2	2	2	2	2	2	2	2	0	7	13	13	7	13	14	1	13	13	1	3	13	1	13	13	2	13	13	1	13	13	1	13	13	1	14	13	2023	3	37	11	1	0	1	0	0	0	0	3	0	0	5	4	4	4	2	2	2	2	2	2	2	2	2	3	1	3	2	2	11	65	425	0	""	27578788196901	1	0	1	11	10	3	3	12	1	0	2492	1	518	9	26	22	18	21	0	2554	1	344	9	26	22	18	21	0	0	0	260	7	1	1	1	12	0	5	12	30	25	7	125	0	9	#NULL!	#NULL!						#NULL!	#NULL!	#NULL!	#NULL!	#NULL!	#NULL!	#NULL!	#NULL!	#NULL!	#NULL!	0	0	1	2757878819690101	1	260	0	10	9	4	1	1	10	0	8	3	15	0	000	000	13	0	0	86	52	62782
1	900004	8	1	4	2	2	0	0	0	3	2492	518	1	8	7	26	0	22	11	21	2	73	6	1	3	6	7	4	10	7	8	9	8	4	1	1	1	0	1	2	0	1	4	0	0	2011	1	4	1	7	0	6	9995	9	7	2	7	7	6	9995	4	7	0	0	0	0	0	0	1	2	3	1	3	5	3	2	2	2	5	5	4	2	3	2	2	2	2	2	2	2	0	2	2	1	13	14	7	14	13	1	13	13	2	13	13	1	13	13	1	13	13	1	13	13	1	13	13	7	13	13	2023	12	51	21	2	0	1	0	0	0	0	4	2	0	5	1	2	2	1	4	2	4	2	2	4	4	3	3	3	3	3	3	2	6	4	0	""	27880188796901	1	0	1	2	12	1	0	12	1	0	3039	1	867	11	29	22	4	21	0	2511	1	518	7	26	22	18	21	0	0	0	75	1	4	1	6	10	0	4	16	3	30	7	37	0	1	#NULL!	#NULL!						#NULL!	#NULL!	#NULL!	#NULL!	#NULL!	#NULL!	#NULL!	#NULL!	#NULL!	#NULL!	0	0	1	2788018879690101	1	2	0	10	1	4	1	1	12	0	16	30	3	0	000	000	13	0	0	45	172	49606
1	900005	6	1	2	6	3	0	0	0	2	3571	599	3	4	9	17	0	22	18	18	1	56	10	1	0	0	2	4	8	4	8	9	4	2	0	4	1	0	1	2	0	0	1	0	0	2017	1	3	1	7	1	3	2011	9	7	3	1	7	6	9995	9	7	1	0	0	0	0	0	0	2	3	2	4	2	4	5	1	4	5	4	4	2	0	2	2	2	2	0	0	0	2	2	2	2	13	13	2	13	13	1	13	13	3	13	13	1	13	13	1	13	13	1	13	13	1	13	13	1	13	14	2023	8	10	24	7	0	1	0	0	0	0	2	0	0	5	1	2	2	2	2	4	4	4	2	2	4	2	3	3	2	3	3	11	60	150	0	""	27966356786901	1	0	1	2	7	4	3	12	1	0	5165	1	599	9	34	22	18	18	0	4811	1	556	9	17	22	99	21	0	0	0	2	10	1	4	4	8	0	6	10	40	40	1	210	0	9	#NULL!	#NULL!						#NULL!	#NULL!	#NULL!	#NULL!	#NULL!	#NULL!	#NULL!	#NULL!	#NULL!	#NULL!	0	0	1	2767732649690101	1	15	0	3	1	1	11	1	16	0	16	30	30	0	000	000	13	0	0	121	121	18872
0	900001	6	1	1	1	1	0	0	0	1	3039	599	1	8	9	29	0	22	11	21	2	56	13	1	3	6	2	4	9	10	8	9	8	1	0	1	1	0	1	2	1	1	1	0	0	2020	4	3	1	7	7	6	9995	9	7	3	1	0	0	2020	4	3	0	0	0	0	0	0	0	2	3	1	3	5	3	4	1	4	5	5	4	4	1	0	1	0	2	2	0	0	0	2	0	1	13	13	1	13	13	1	13	13	1	13	13	1	13	13	1	13	13	1	13	13	1	13	13	1	13	13	2023	9	37	11	2	0	1	0	0	0	0	3	0	0	5	2	2	2	1	2	2	2	2	2	2	2	2	3	3	3	3	3	11	90	425	0	1	27262546096901	1	0	1	2	1	1	3	12	1	0	3039	1	599	9	29	22	11	21	0	3144	1	556	9	29	22	13	21	0	0	0	200	10	1	1	1	8	0	4	8	30	30	7	570	0	1	#NULL!	#NULL!						#NULL!	#NULL!	#NULL!	#NULL!	#NULL!	#NULL!	#NULL!	#NULL!	#NULL!	#NULL!	0	0	1	2726254609690101	1	200	0	10	1	1	1	1	8	0	8	30	30	0	000	000	13	0	0	121	121	44070
0	900001	6	1	1	1	1	0	0	0	1	3039	599	1	8	9	29	0	22	11	21	2	56	13	1	3	6	2	4	9	10	8	9	8	1	0	1	1	0	1	2	1	1	1	0	0	2020	4	3	1	7	7	6	9995	9	7	3	1	0	0	2020	4	3	0	0	0	0	0	0	0	2	3	1	3	5	3	4	1	4	5	5	4	4	1	0	1	0	2	2	0	0	0	2	0	1	13	13	1	13	13	1	13	13	1	13	13	1	13	13	1	13	13	1	13	13	1	13	13	1	13	13	2023	9	37	11	2	0	1	0	0	0	0	3	0	0	5	2	2	2	1	2	2	2	2	2	2	2	2	3	3	3	3	3	11	90	425	0	1	27262546096902	2	0	1	1	1	1	3	12	3	0	3144	1	556	9	29	22	13	21	0	3039	1	599	9	29	22	11	21	0	0	0	200	10	1	1	1	18	0	11	18	30	30	7	210	0	9	#NULL!	#NULL!						#NULL!	#NULL!	#NULL!	#NULL!	#NULL!	#NULL!	#NULL!	#NULL!	#NULL!	#NULL!	0	0	1	2726254609690201	1	200	0	10	1	1	1	1	18	0	18	30	30	0	000	000	13	0	0	121	121	44070
0	900001	6	1	1	1	1	0	0	0	1	3039	599	1	8	9	29	0	22	11	21	2	56	13	1	3	6	2	4	9	10	8	9	8	1	0	1	1	0	1	2	1	1	1	0	0	2020	4	3	1	7	7	6	9995	9	7	3	1	0	0	2020	4	3	0	0	0	0	0	0	0	2	3	1	3	5	3	4	1	4	5	5	4	4	1	0	1	0	2	2	0	0	0	2	0	1	13	13	1	13	13	1	13	13	1	13	13	1	13	13	1	13	13	1	13	13	1	13	13	1	13	13	2023	9	37	11	2	0	1	0	0	0	0	3	0	0	5	2	2	2	1	2	2	2	2	2	2	2	2	3	3	3	3	3	11	90	425	0	1	27262546096903	3	1	1	10	9	8	3	12	1	0	3039	1	599	9	29	22	11	21	0	3039	1	599	9	29	22	11	21	0	0	0	25	4	9	4	6	22	0	13	22	30	30	7	#NULL!	0	9	#NULL!	#NULL!						#NULL!	#NULL!	#NULL!	#NULL!	#NULL!	#NULL!	#NULL!	#NULL!	#NULL!	#NULL!	0	0	1	2726254609690301	1	25	0	4	9	4	11	6	22	0	22	30	30	0	000	000	13	0	0	121	121	44070
0	900002	1	1	3	6	2	0	0	0	3	2496	518	1	8	9	26	0	22	4	21	2	56	13	1	3	0	2	4	8	7	8	9	7	2	0	2	1	0	1	1	0	1	1	0	0	2017	3	3	1	7	7	6	9995	9	7	3	7	7	6	9995	9	7	0	0	0	0	0	0	1	3	3	1	1	2	5	5	2	3	5	5	4	2	0	2	2	2	2	2	2	2	2	2	2	1	13	13	1	13	13	1	13	13	1	13	13	1	13	13	1	13	13	1	13	13	1	13	13	1	13	13	2023	8	34	27	1	0	1	0	0	0	0	4	0	0	5	1	2	2	2	2	2	2	2	2	2	2	3	3	3	3	3	3	11	65	410	0	1	27578788196901	1	0	1	11	10	7	3	12	1	0	2496	1	518	9	26	22	4	21	0	2554	1	518	9	26	22	99	21	0	0	0	200	10	1	1	1	10	0	5	10	25	25	6	125	0	9	#NULL!	#NULL!						#NULL!	#NULL!	#NULL!	#NULL!	#NULL!	#NULL!	#NULL!	#NULL!	#NULL!	#NULL!	0	0	1	2757878819690101	1	200	0	10	1	1	1	1	10	0	10	25	25	0	000	000	13	0	0	17	52	18872
0	900002	1	1	3	6	2	0	0	0	3	2496	518	1	8	9	26	0	22	4	21	2	56	13	1	3	0	2	4	8	7	8	9	7	2	0	2	1	0	1	1	0	1	1	0	0	2017	3	3	1	7	7	6	9995	9	7	3	7	7	6	9995	9	7	0	0	0	0	0	0	1	3	3	1	1	2	5	5	2	3	5	5	4	2	0	2	2	2	2	2	2	2	2	2	2	1	13	13	1	13	13	1	13	13	1	13	13	1	13	13	1	13	13	1	13	13	1	13	13	1	13	13	2023	8	34	27	1	0	1	0	0	0	0	4	0	0	5	1	2	2	2	2	2	2	2	2	2	2	3	3	3	3	3	3	11	65	410	0	1	27578788196902	2	0	1	1	10	7	3	12	4	0	2554	1	518	9	26	22	99	21	0	2496	1	518	9	26	22	4	21	0	0	0	200	10	1	1	1	12	30	6	13	0	30	7	90	0	9	#NULL!	#NULL!						#NULL!	#NULL!	#NULL!	#NULL!	#NULL!	#NULL!	#NULL!	#NULL!	#NULL!	#NULL!	0	0	1	2757878819690201	1	200	0	10	1	1	1	1	12	30	13	0	30	0	000	000	13	0	0	17	52	18872
0	900002	1	1	3	6	2	0	0	0	3	2496	518	1	8	9	26	0	22	4	21	2	56	13	1	3	0	2	4	8	7	8	9	7	2	0	2	1	0	1	1	0	1	1	0	0	2017	3	3	1	7	7	6	9995	9	7	3	7	7	6	9995	9	7	0	0	0	0	0	0	1	3	3	1	1	2	5	5	2	3	5	5	4	2	0	2	2	2	2	2	2	2	2	2	2	1	13	13	1	13	13	1	13	13	1	13	13	1	13	13	1	13	13	1	13	13	1	13	13	1	13	13	2023	8	34	27	1	0	1	0	0	0	0	4	0	0	5	1	2	2	2	2	2	2	2	2	2	2	3	3	3	3	3	3	11	65	410	0	1	27578788196903	3	0	1	8	7	4	1	12	1	0	2496	1	518	9	26	22	4	21	0	2496	1	518	9	26	22	4	21	0	0	0	5	2	9	4	6	14	30	8	14	35	5	2	20	0	9	#NULL!	#NULL!						#NULL!	#NULL!	#NULL!	#NULL!	#NULL!	#NULL!	#NULL!	#NULL!	#NULL!	#NULL!	0	0	1	2757878819690301	1	5	0	2	9	4	11	6	14	30	14	35	5	0	000	000	13	0	0	17	52	18872
0	900002	1	1	3	6	2	0	0	0	3	2496	518	1	8	9	26	0	22	4	21	2	56	13	1	3	0	2	4	8	7	8	9	7	2	0	2	1	0	1	1	0	1	1	0	0	2017	3	3	1	7	7	6	9995	9	7	3	7	7	6	9995	9	7	0	0	0	0	0	0	1	3	3	1	1	2	5	5	2	3	5	5	4	2	0	2	2	2	2	2	2	2	2	2	2	1	13	13	1	13	13	1	13	13	1	13	13	1	13	13	1	13	13	1	13	13	1	13	13	1	13	13	2023	8	34	27	1	0	1	0	0	0	0	4	0	0	5	1	2	2	2	2	2	2	2	2	2	2	3	3	3	3	3	3	11	65	410	0	1	27578788196904	4	0	1	1	7	4	3	12	4	0	2496	1	518	9	26	22	4	21	0	2496	1	518	9	26	22	4	21	0	0	0	5	2	9	4	6	14	55	8	15	0	5	2	#NULL!	0	9	#NULL!	#NULL!						#NULL!	#NULL!	#NULL!	#NULL!	#NULL!	#NULL!	#NULL!	#NULL!	#NULL!	#NULL!	0	0	1	2757878819690401	1	5	0	2	9	4	11	6	14	55	15	0	5	0	000	000	13	0	0	17	52	18872
0	900003	8	1	3	8	5	0	0	0	3	3571	344	1	8	7	17	0	22	18	18	1	44	10	2	3	0	2	4	10	10	8	9	10	1	0	1	1	0	1	1	0	1	1	0	0	2010	1	4	1	7	7	6	9995	9	7	3	7	7	6	9995	9	7	0	0	0	0	0	0	0	3	3	2	1	5	3	3	3	5	5	5	4	2	1	0	0	2	2	0	0	1	2	0	0	2	13	13	7	14	14	1	13	13	2	13	13	1	13	13	1	13	13	1	13	13	1	13	13	1	13	13	2023	5	21	24	4	0	1	0	0	0	0	2	0	0	5	4	4	4	4	4	4	4	4	4	4	4	1	2	1	2	2	2	2	6	4	0	1	27677326496901	1	0	1	13	12	3	3	12	1	0	3571	1	344	7	17	22	18	18	0	3572	1	344	7	17	22	18	18	0	0	0	2	1	9	4	6	12	0	6	12	3	3	1	37	0	9	#NULL!	#NULL!						#NULL!	#NULL!	#NULL!	#NULL!	#NULL!	#NULL!	#NULL!	#NULL!	#NULL!	#NULL!	0	0	1	2767732649690101	1	2	0	1	9	4	11	6	12	0	12	3	3	0	000	000	13	0	0	45	136	49606
0	900003	8	1	3	8	5	0	0	0	3	3571	344	1	8	7	17	0	22	18	18	1	44	10	2	3	0	2	4	10	10	8	9	10	1	0	1	1	0	1	1	0	1	1	0	0	2010	1	4	1	7	7	6	9995	9	7	3	7	7	6	9995	9	7	0	0	0	0	0	0	0	3	3	2	1	5	3	3	3	5	5	5	4	2	1	0	0	2	2	0	0	1	2	0	0	2	13	13	7	14	14	1	13	13	2	13	13	1	13	13	1	13	13	1	13	13	1	13	13	1	13	13	2023	5	21	24	4	0	1	0	0	0	0	2	0	0	5	4	4	4	4	4	4	4	4	4	4	4	1	2	1	2	2	2	2	6	4	0	1	27677326496902	2	0	1	1	12	3	3	12	4	0	3572	1	344	7	17	22	18	18	0	3571	1	344	7	17	22	18	18	0	0	0	2	1	9	4	6	12	40	6	12	43	3	1	#NULL!	0	9	#NULL!	#NULL!						#NULL!	#NULL!	#NULL!	#NULL!	#NULL!	#NULL!	#NULL!	#NULL!	#NULL!	#NULL!	0	0	1	2767732649690201	1	2	0	1	9	4	11	6	12	40	12	43	3	0	000	000	13	0	0	45	136	49606
0	900004	1	1	2	2	3	0	0	0	2	5165	867	3	4	11	34	0	22	18	21	1	73	16	3	0	2	7	4	7	8	8	9	9	2	1	2	1	1	1	2	0	1	4	1	3	2017	3	4	1	4	1	3	2011	1	3	2	7	7	6	9995	9	7	1	1	0	0	0	0	1	2	3	2	4	2	4	4	2	5	5	4	4	12	3	2	2	2	2	2	2	2	2	2	2	7	14	14	7	14	14	1	13	13	1	13	13	1	13	13	1	13	13	1	13	13	1	13	13	7	14	14	2023	3	10	11	7	0	1	0	0	0	0	2	0	0	5	1	2	2	2	2	2	2	2	2	2	2	3	3	3	3	3	3	11	60	520	0	1	27880188796901	1	0	1	8	7	4	0	12	1	0	5165	1	867	11	34	22	18	21	0	4811	1	758	11	33	22	18	21	0	0	0	260	10	1	1	1	16	0	9	16	30	30	7	210	0	9	#NULL!	#NULL!						#NULL!	#NULL!	#NULL!	#NULL!	#NULL!	#NULL!	#NULL!	#NULL!	#NULL!	#NULL!	0	0	1	2788018879690101	1	260	0	10	1	1	2	1	16	0	16	30	30	0	000	000	13	0	0	86	172	62782
0	900004	1	1	2	2	3	0	0	0	2	5165	867	3	4	11	34	0	22	18	21	1	73	16	3	0	2	7	4	7	8	8	9	9	2	1	2	1	1	1	2	0	1	4	1	3	2017	3	4	1	4	1	3	2011	1	3	2	7	7	6	9995	9	7	1	1	0	0	0	0	1	2	3	2	4	2	4	4	2	5	5	4	4	12	3	2	2	2	2	2	2	2	2	2	2	7	14	14	7	14	14	1	13	13	1	13	13	1	13	13	1	13	13	1	13	13	1	13	13	7	14	14	2023	3	10	11	7	0	1	0	0	0	0	2	0	0	5	1	2	2	2	2	2	2	2	2	2	2	3	3	3	3	3	3	11	60	520	0	1	27880188796902	2	0	1	1	7	4	3	12	4	0	4811	1	758	11	33	22	18	21	0	5165	1	867	11	34	22	18	21	0	0	0	260	10	1	1	1	20	0	13	20	30	30	7	#NULL!	0	9	#NULL!	#NULL!						#NULL!	#NULL!	#NULL!	#NULL!	#NULL!	#NULL!	#NULL!	#NULL!	#NULL!	#NULL!	0	0	1	2788018879690201	1	260	0	10	1	1	2	1	20	0	20	30	30	0	000	000	13	0	0	86	172	62782
0	900005	6	1	4	3	4	0	0	0	4	2492	518	1	8	9	26	0	22	4	21	1	24	6	2	1	3	4	3	7	4	8	9	4	4	1	4	1	0	1	2	0	0	1	0	0	2011	1	3	2	1	0	0	2011	1	1	2	7	7	6	9995	9	7	1	0	0	0	0	0	0	2	0	2	3	5	1	2	2	2	5	5	1	1	3	2	2	2	2	2	2	2	2	2	2	1	13	13	2	13	13	1	13	13	3	3	12	2	13	13	2	13	13	1	13	13	2	13	13	7	14	14	2023	12	51	21	5	0	1	0	0	0	0	2	2	0	5	4	4	4	4	4	4	4	4	4	4	4	2	3	3	3	3	3	11	85	150	0	1	27966356786901	1	0	2	2	1	1	3	12	1	0	2492	1	518	9	26	22	4	21	0	2511	1	518	9	26	22	1	21	0	0	0	75	7	4	4	4	16	0	9	16	40	40	7	170	0	1	#NULL!	#NULL!						#NULL!	#NULL!	#NULL!	#NULL!	#NULL!	#NULL!	#NULL!	#NULL!	#NULL!	#NULL!	0	0	1	2796635678690101	1	15	0	3	9	4	11	6	16	0	16	15	15	0	000	000	13	0	0	12	46	16883
0	900005	6	1	4	3	4	0	0	0	4	2492	518	1	8	9	26	0	22	4	21	1	24	6	2	1	3	4	3	7	4	8	9	4	4	1	4	1	0	1	2	0	0	1	0	0	2011	1	3	2	1	0	0	2011	1	1	2	7	7	6	9995	9	7	1	0	0	0	0	0	0	2	0	2	3	5	1	2	2	2	5	5	1	1	3	2	2	2	2	2	2	2	2	2	2	1	13	13	2	13	13	1	13	13	3	3	12	2	13	13	2	13	13	1	13	13	2	13	13	7	14	14	2023	12	51	21	5	0	1	0	0	0	0	2	2	0	5	4	4	4	4	4	4	4	4	4	4	4	2	3	3	3	3	3	11	85	150	0	1	27966356786902	2	0	2	1	1	1	3	12	3	0	2511	1	518	9	26	22	1	21	0	2492	1	518	9	26	22	4	21	0	0	0	75	7	4	4	4	19	30	12	20	15	45	8	#NULL!	0	9	#NULL!	#NULL!						#NULL!	#NULL!	#NULL!	#NULL!	#NULL!	#NULL!	#NULL!	#NULL!	#NULL!	#NULL!	0	0	1	2796635678690201	1	60	0	6	4	4	11	4	19	30	20	0	30	0	000	000	13	0	0	12	46	16883
