shid,spid,stid,ssid,sidp,sidn,syearid,spidno,stseqno,sseqno,shaboro,shiwt,spiwt,shiwtwkd,spiwtwkd,shiwtttwkd,spiwtttwkd,spiwtlul,smode,samode,semode,swalkdur,sbchs,sinttype,srdsht,srdshtp,srsdiffmode,sociox,socioxb,soaboro,sofarezn,soccz,sdciox,sdcioxb,sdaboro,sdfarezn,sdccz,sodcioxba1,sodcioxba2,slen100m,sdur5,sspeed5,staxib
19027221,800001,190272210101,19027221010101,-1,-1,19,1,1,1,16,484.8415943,474.6804417,642.4218433,595.2932511,1238.80482,932.7666664,0,3,-1,-1,-1,-1,11,-1,-1,-1,3,3,16,0,0,3,3,18,0,0,4,8,2.0999999,10,10,-1
19027221,800001,190272210102,19027221010201,-1,-1,19,1,2,1,16,484.8415943,474.6804417,642.4218433,595.2932511,1238.80482,932.7666664,0,3,-1,-1,-1,-1,11,-1,-1,-1,3,3,18,0,0,3,3,16,0,0,4,8,2.0999999,10,10,-1
19027221,800001,190272210103,19027221010301,-1,-1,19,1,3,1,16,484.8415943,474.6804417,642.4218433,595.2932511,1238.80482,932.7666664,0,3,-1,-1,-1,-1,11,-1,-1,-1,3,3,16,0,0,3,3,16,0,0,4,8,0.5,5,5,-1
19027221,800001,190272210104,19027221010401,-1,-1,19,1,4,1,16,484.8415943,474.6804417,642.4218433,595.2932511,1238.80482,932.7666664,0,3,-1,-1,-1,-1,11,-1,-1,-1,3,3,16,0,0,3,3,16,0,0,4,8,0.5,5,0,-1
19027221,800002,190272210201,19027221020101,-1,19027221020102,19,2,1,1,16,484.8415943,531.4293845,642.4218433,703.6532317,1238.80482,1441.238984,0,1,-1,19,10,-1,4,-1,-1,-1,3,3,16,0,0,3,3,16,0,0,4,8,0.40000001,5,0,-1
19027221,800002,190272210201,19027221020102,19027221020101,19027221020103,19,2,1,2,16,484.8415943,531.4293845,642.4218433,703.6532317,1238.80482,1441.238984,0,19,1,1,-1,-1,4,-1,-1,-1,3,3,16,0,0,1,1,2,0,0,5,1,14.9,35,20,-1
19027221,800002,190272210201,19027221020103,19027221020102,-1,19,2,1,3,16,484.8415943,531.4293845,642.4218433,703.6532317,1238.80482,1441.238984,0,1,19,-1,10,-1,11,-1,-1,-1,1,1,2,0,0,1,1,2,0,0,1,4,0.2,5,0,-1
19027221,800002,190272210202,19027221020201,-1,19027221020202,19,2,2,1,16,484.8415943,531.4293845,642.4218433,703.6532317,1238.80482,1441.238984,0,1,-1,19,10,-1,4,-1,-1,-1,1,1,2,0,0,1,1,2,0,0,1,4,0.2,5,0,-1
19027221,800002,190272210202,19027221020202,19027221020201,19027221020203,19,2,2,2,16,484.8415943,531.4293845,642.4218433,703.6532317,1238.80482,1441.238984,0,19,1,1,-1,-1,4,-1,-1,-1,1,1,2,0,0,3,3,16,0,0,5,6,14.9,35,20,-1
19027221,800002,190272210202,19027221020203,19027221020202,19027221020204,19,2,2,3,16,484.8415943,531.4293845,642.4218433,703.6532317,1238.80482,1441.238984,0,1,19,4,0,-1,1,-1,-1,-1,3,3,16,0,0,3,3,16,0,0,4,8,0.0,0,0,-1
19027221,800002,190272210202,19027221020204,19027221020203,-1,19,2,2,4,16,484.8415943,531.4293845,642.4218433,703.6532317,1238.80482,1441.238984,0,4,1,-1,-1,-1,11,-1,-1,-1,3,3,16,0,0,3,3,16,0,0,4,8,0.5,0,30,-1
19076031,800003,190760310101,19076031010101,-1,-1,19,1,1,1,19,268.016258,270.2355085,0.0,0.0,0.0,0.0,0,3,-1,-1,-1,-1,11,-1,-1,-1,3,3,19,0,0,3,3,19,0,0,4,8,5.1999998,15,20,-1
19076031,800003,190760310102,19076031010201,-1,19076031010202,19,1,2,1,19,268.016258,270.2355085,0.0,0.0,0.0,0.0,0,3,-1,1,-1,-1,1,-1,-1,-1,3,3,19,0,0,3,3,19,0,0,4,8,4.1999998,20,10,-1
19076031,800003,190760310102,19076031010202,19076031010201,-1,19,1,2,2,19,268.016258,270.2355085,0.0,0.0,0.0,0.0,0,1,3,-1,0,-1,11,-1,-1,-1,3,3,19,0,0,3,3,19,0,0,4,8,0.0,0,-2,-1
19076031,800003,190760310103,19076031010301,-1,19076031010302,19,1,3,1,19,268.016258,270.2355085,0.0,0.0,0.0,0.0,0,1,-1,3,0,-1,1,-1,-1,-1,3,3,19,0,0,3,3,19,0,0,4,8,0.0,0,-2,-1
19076031,800003,190760310103,19076031010302,19076031010301,-1,19,1,3,2,19,268.016258,270.2355085,0.0,0.0,0.0,0.0,0,3,1,-1,-1,-1,11,-1,-1,-1,3,3,19,0,0,4,5,52,0,0,7,9,25.799999,45,30,-1
19076031,800003,190760310104,19076031010401,-1,-1,19,1,4,1,19,268.016258,270.2355085,0.0,0.0,0.0,0.0,0,3,-1,-1,-1,-1,11,-1,-1,-1,4,5,52,0,0,3,3,19,0,0,7,9,28.6,45,35,-1
19076031,800004,190760310201,19076031020101,-1,-1,19,2,1,1,19,268.016258,292.4619873,0.0,0.0,0.0,0.0,0,3,-1,-1,-1,-1,11,-1,-1,-1,3,3,19,0,0,3,3,19,0,0,4,8,5.1999998,15,20,-1
19076031,800004,190760310202,19076031020201,-1,19076031020202,19,2,2,1,19,268.016258,292.4619873,0.0,0.0,0.0,0.0,0,3,-1,1,-1,-1,1,-1,-1,-1,3,3,19,0,0,3,3,19,0,0,4,8,4.1999998,20,10,-1
19076031,800004,190760310202,19076031020202,19076031020201,-1,19,2,2,2,19,268.016258,292.4619873,0.0,0.0,0.0,0.0,0,1,3,-1,0,-1,11,-1,-1,-1,3,3,19,0,0,3,3,19,0,0,4,8,0.0,0,-2,-1
19076031,800004,190760310203,19076031020301,-1,19076031020302,19,2,3,1,19,268.016258,292.4619873,0.0,0.0,0.0,0.0,0,1,-1,3,0,-1,1,-1,-1,-1,3,3,19,0,0,3,3,19,0,0,4,8,0.0,0,-2,-1
19076031,800004,190760310203,19076031020302,19076031020301,-1,19,2,3,2,19,268.016258,292.4619873,0.0,0.0,0.0,0.0,0,3,1,-1,-1,-1,11,-1,-1,-1,3,3,19,0,0,3,3,19,0,0,4,8,4.0999999,20,10,-1
19217201,800007,192172010101,19217201010101,-1,19217201010102,19,1,1,1,5,905.1347969,720.3284768,1183.17314,990.2109639,1566.51859,1281.678285,0,1,-1,13,1,-1,2,-1,-1,-1,2,2,5,0,0,2,2,5,0,0,2,8,0.0,0,-2,-1
19217201,800007,192172010101,19217201010102,19217201010101,19217201010103,19,1,1,2,5,905.1347969,720.3284768,1183.17314,990.2109639,1566.51859,1281.678285,0,13,1,13,-1,-1,2,-1,-1,-1,2,2,5,0,0,2,2,6,0,0,2,8,5.3000002,35,5,-1
19217201,800007,192172010101,19217201010103,19217201010102,19217201010104,19,1,1,3,5,905.1347969,720.3284768,1183.17314,990.2109639,1566.51859,1281.678285,0,13,13,1,-1,-1,2,-1,-1,-1,2,2,6,0,0,1,1,2,0,0,3,2,2.2,15,5,-1
19217201,800007,192172010101,19217201010104,19217201010103,-1,19,1,1,4,5,905.1347969,720.3284768,1183.17314,990.2109639,1566.51859,1281.678285,0,1,13,-1,4,-1,11,-1,-1,-1,1,1,2,0,0,1,1,2,0,0,1,4,0.2,5,0,-1
19217201,800007,192172010102,19217201010201,-1,19217201010202,19,1,2,1,5,905.1347969,720.3284768,1183.17314,990.2109639,1566.51859,1281.678285,0,1,-1,13,3,-1,2,-1,-1,-1,1,1,2,0,0,1,1,2,0,0,1,4,0.2,0,0,-1
19217201,800007,192172010102,19217201010202,19217201010201,19217201010203,19,1,2,2,5,905.1347969,720.3284768,1183.17314,990.2109639,1566.51859,1281.678285,0,13,1,1,-1,-1,2,-1,-1,-1,1,1,2,0,0,2,2,5,0,0,3,5,7.4000001,40,10,-1
19217201,800007,192172010102,19217201010203,19217201010202,-1,19,1,2,3,5,905.1347969,720.3284768,1183.17314,990.2109639,1566.51859,1281.678285,0,1,13,-1,1,-1,11,-1,-1,-1,2,2,5,0,0,2,2,5,0,0,2,8,0.0,0,-2,-1
19217201,800008,192172010201,19217201020101,-1,19217201020102,19,2,1,1,5,905.1347969,952.3870752,1183.17314,1193.385169,1566.51859,1598.15445,0,1,-1,13,1,-1,2,-1,-1,-1,2,2,5,0,0,2,2,5,0,0,2,8,0.0,0,-2,-1
19217201,800008,192172010201,19217201020102,19217201020101,19217201020103,19,2,1,2,5,905.1347969,952.3870752,1183.17314,1193.385169,1566.51859,1598.15445,0,13,1,13,-1,-1,2,-1,-1,-1,2,2,5,0,0,1,1,14,0,0,3,2,8.3000002,35,10,-1
19217201,800008,192172010201,19217201020103,19217201020102,19217201020104,19,2,1,3,5,905.1347969,952.3870752,1183.17314,1193.385169,1566.51859,1598.15445,0,13,13,1,-1,-1,2,-1,-1,-1,1,1,14,0,0,1,1,14,0,0,1,4,1.6,5,10,-1
19217201,800008,192172010201,19217201020104,19217201020103,-1,19,2,1,4,5,905.1347969,952.3870752,1183.17314,1193.385169,1566.51859,1598.15445,0,1,13,-1,2,-1,11,-1,-1,-1,1,1,14,0,0,1,1,14,0,0,1,4,0.0,0,-2,-1
19217201,800008,192172010202,19217201020201,-1,19217201020202,19,2,2,1,5,905.1347969,952.3870752,1183.17314,1193.385169,1566.51859,1598.15445,0,1,-1,17,4,-1,3,-1,-1,-1,1,1,14,0,0,1,1,14,0,0,1,4,0.0,0,0,-1
19217201,800008,192172010202,19217201020202,19217201020201,19217201020203,19,2,2,2,5,905.1347969,952.3870752,1183.17314,1193.385169,1566.51859,1598.15445,0,17,1,17,-1,-1,3,-1,-1,-1,1,1,14,0,0,1,1,1,0,0,1,4,3.5999999,10,15,-1
19217201,800008,192172010202,19217201020203,19217201020202,19217201020204,19,2,2,3,5,905.1347969,952.3870752,1183.17314,1193.385169,1566.51859,1598.15445,0,17,17,1,-1,-1,3,-1,-1,-1,1,1,1,0,0,2,2,3,0,0,3,5,3.0999999,10,15,-1
19217201,800008,192172010202,19217201020204,19217201020203,-1,19,2,2,4,5,905.1347969,952.3870752,1183.17314,1193.385169,1566.51859,1598.15445,0,1,17,-1,2,-1,11,-1,-1,-1,2,2,3,0,0,1,1,6,0,0,3,2,0.1,0,0,-1
19217201,800008,192172010203,19217201020301,-1,19217201020302,19,2,3,1,5,905.1347969,952.3870752,1183.17314,1193.385169,1566.51859,1598.15445,0,1,-1,13,2,-1,2,-1,-1,-1,1,1,6,0,0,1,1,6,0,0,1,4,0.0,0,-2,-1
19217201,800008,192172010203,19217201020302,19217201020301,19217201020303,19,2,3,2,5,905.1347969,952.3870752,1183.17314,1193.385169,1566.51859,1598.15445,0,13,1,1,-1,-1,2,-1,-1,-1,1,1,6,0,0,2,2,5,0,0,3,5,6.0,40,5,-1
19217201,800008,192172010203,19217201020303,19217201020302,-1,19,2,3,3,5,905.1347969,952.3870752,1183.17314,1193.385169,1566.51859,1598.15445,0,1,13,-1,1,-1,11,-1,-1,-1,2,2,5,0,0,2,2,5,0,0,2,8,0.0,0,-2,-1
19217201,800008,192172010204,19217201020401,-1,19217201020402,19,2,4,1,5,905.1347969,952.3870752,1183.17314,1193.385169,1566.51859,1598.15445,0,1,-1,13,2,-1,2,-1,-1,-1,2,2,5,0,0,2,2,5,0,0,2,8,0.0,0,-2,-1
19217201,800008,192172010204,19217201020402,19217201020401,19217201020403,19,2,4,2,5,905.1347969,952.3870752,1183.17314,1193.385169,1566.51859,1598.15445,0,13,1,1,-1,-1,2,-1,-1,-1,2,2,5,0,0,2,2,5,0,0,2,8,1.2,10,5,-1
19217201,800008,192172010204,19217201020403,19217201020402,19217201020404,19,2,4,3,5,905.1347969,952.3870752,1183.17314,1193.385169,1566.51859,1598.15445,0,1,13,13,0,-1,2,-1,-1,-1,2,2,5,0,0,2,2,5,0,0,2,8,0.0,0,0,-1
19217201,800008,192172010204,19217201020404,19217201020403,19217201020405,19,2,4,4,5,905.1347969,952.3870752,1183.17314,1193.385169,1566.51859,1598.15445,0,13,1,1,-1,-1,2,-1,-1,-1,2,2,5,0,0,2,2,5,0,0,2,8,2.5,20,5,-1
19217201,800008,192172010204,19217201020405,19217201020404,-1,19,2,4,5,5,905.1347969,952.3870752,1183.17314,1193.385169,1566.51859,1598.15445,0,1,13,-1,2,-1,11,-1,-1,-1,2,2,5,0,0,2,2,5,0,0,2,8,0.0,0,-2,-1
19217201,800008,192172010205,19217201020501,-1,19217201020502,19,2,5,1,5,905.1347969,952.3870752,1183.17314,1193.385169,1566.51859,1598.15445,0,1,-1,13,2,-1,2,-1,-1,-1,2,2,5,0,0,2,2,5,0,0,2,8,0.0,0,-2,-1
19217201,800008,192172010205,19217201020502,19217201020501,19217201020503,19,2,5,2,5,905.1347969,952.3870752,1183.17314,1193.385169,1566.51859,1598.15445,0,13,1,13,-1,-1,2,-1,-1,-1,2,2,5,0,0,2,2,5,0,0,2,8,1.2,5,5,-1
19217201,800008,192172010205,19217201020503,19217201020502,19217201020504,19,2,5,3,5,905.1347969,952.3870752,1183.17314,1193.385169,1566.51859,1598.15445,0,13,13,1,-1,-1,2,-1,-1,-1,2,2,5,0,0,2,2,5,0,0,2,8,1.5,10,5,-1
19217201,800008,192172010205,19217201020504,19217201020503,19217201020505,19,2,5,4,5,905.1347969,952.3870752,1183.17314,1193.385169,1566.51859,1598.15445,0,1,13,17,1,-1,3,-1,-1,-1,2,2,5,0,0,2,2,5,0,0,2,8,0.0,0,-2,-1
19217201,800008,192172010205,19217201020505,19217201020504,19217201020506,19,2,5,5,5,905.1347969,952.3870752,1183.17314,1193.385169,1566.51859,1598.15445,0,17,1,17,-1,-1,3,-1,-1,-1,2,2,5,0,0,1,1,1,0,0,3,2,5.5,15,15,-1
19217201,800008,192172010205,19217201020506,19217201020505,19217201020507,19,2,5,6,5,905.1347969,952.3870752,1183.17314,1193.385169,1566.51859,1598.15445,0,17,17,1,-1,-1,3,-1,-1,-1,1,1,1,0,0,1,1,14,0,0,1,4,3.5999999,10,15,-1
19217201,800008,192172010205,19217201020507,19217201020506,-1,19,2,5,7,5,905.1347969,952.3870752,1183.17314,1193.385169,1566.51859,1598.15445,0,1,17,-1,6,-1,11,-1,-1,-1,1,1,14,0,0,1,1,14,0,0,1,4,0.40000001,5,0,-1
19217201,800008,192172010206,19217201020601,-1,19217201020602,19,2,6,1,5,905.1347969,952.3870752,1183.17314,1193.385169,1566.51859,1598.15445,0,1,-1,17,6,-1,3,-1,-1,-1,1,1,14,0,0,1,1,14,0,0,1,4,0.40000001,5,0,-1
19217201,800008,192172010206,19217201020602,19217201020601,19217201020603,19,2,6,2,5,905.1347969,952.3870752,1183.17314,1193.385169,1566.51859,1598.15445,0,17,1,17,-1,-1,3,-1,-1,-1,1,1,14,0,0,2,2,6,0,0,3,5,7.9000001,25,15,-1
19217201,800008,192172010206,19217201020603,19217201020602,19217201020604,19,2,6,3,5,905.1347969,952.3870752,1183.17314,1193.385169,1566.51859,1598.15445,0,17,17,1,-1,-1,3,-1,-1,-1,2,2,6,0,0,2,2,3,0,0,2,8,1.0,0,20,-1
19217201,800008,192172010206,19217201020604,19217201020603,19217201020605,19,2,6,4,5,905.1347969,952.3870752,1183.17314,1193.385169,1566.51859,1598.15445,0,1,17,13,0,-1,2,-1,-1,-1,2,2,3,0,0,2,2,3,0,0,2,8,0.0,0,-2,-1
19217201,800008,192172010206,19217201020605,19217201020604,19217201020606,19,2,6,5,5,905.1347969,952.3870752,1183.17314,1193.385169,1566.51859,1598.15445,0,13,1,1,-1,-1,2,-1,-1,-1,2,2,3,0,0,2,2,5,0,0,2,8,1.1,5,5,-1
19217201,800008,192172010206,19217201020606,19217201020605,-1,19,2,6,6,5,905.1347969,952.3870752,1183.17314,1193.385169,1566.51859,1598.15445,0,1,13,-1,2,-1,11,-1,-1,-1,2,2,5,0,0,2,2,5,0,0,2,8,0.0,0,-2,-1
19217201,800009,192172010301,19217201030101,-1,19217201030102,19,3,1,1,5,905.1347969,789.0636926,1183.17314,1037.767396,1566.51859,1512.132796,0,1,-1,13,1,-1,2,-1,-1,-1,1,1,2,0,0,1,1,2,0,0,1,4,0.0,0,-2,-1
19217201,800009,192172010301,19217201030102,19217201030101,19217201030103,19,3,1,2,5,905.1347969,789.0636926,1183.17314,1037.767396,1566.51859,1512.132796,0,13,1,1,-1,-1,2,-1,-1,-1,1,1,2,0,0,2,2,5,0,0,3,5,7.1999998,40,10,-1
19217201,800009,192172010301,19217201030103,19217201030102,-1,19,3,1,3,5,905.1347969,789.0636926,1183.17314,1037.767396,1566.51859,1512.132796,0,1,13,-1,1,-1,11,-1,-1,-1,2,2,5,0,0,2,2,5,0,0,2,8,0.0,0,-2,-1
19217201,800009,192172010302,19217201030201,-1,19217201030202,19,3,2,1,5,905.1347969,789.0636926,1183.17314,1037.767396,1566.51859,1512.132796,0,1,-1,13,1,-1,2,-1,-1,-1,2,2,5,0,0,2,2,5,0,0,2,8,0.0,0,-2,-1
19217201,800009,192172010302,19217201030202,19217201030201,19217201030203,19,3,2,2,5,905.1347969,789.0636926,1183.17314,1037.767396,1566.51859,1512.132796,0,13,1,13,-1,-1,2,-1,-1,-1,2,2,5,0,0,2,2,6,0,0,2,8,5.3000002,30,10,-1
19217201,800009,192172010302,19217201030203,19217201030202,19217201030204,19,3,2,3,5,905.1347969,789.0636926,1183.17314,1037.767396,1566.51859,1512.132796,0,13,13,1,-1,-1,2,-1,-1,-1,2,2,6,0,0,1,1,2,0,0,3,2,2.0999999,10,10,-1
19217201,800009,192172010302,19217201030204,19217201030203,-1,19,3,2,4,5,905.1347969,789.0636926,1183.17314,1037.767396,1566.51859,1512.132796,0,1,13,-1,0,-1,11,-1,-1,-1,1,1,2,0,0,1,1,2,0,0,1,4,0.0,0,-2,-1
19217201,800010,192172010401,19217201040101,-1,19217201040102,19,4,1,1,5,905.1347969,720.3284768,1183.17314,990.2109639,1566.51859,1281.678285,0,1,-1,13,1,-1,2,-1,-1,-1,2,2,5,0,0,2,2,5,0,0,2,8,0.0,0,-2,-1
19217201,800010,192172010401,19217201040102,19217201040101,19217201040103,19,4,1,2,5,905.1347969,720.3284768,1183.17314,990.2109639,1566.51859,1281.678285,0,13,1,1,-1,-1,2,-1,-1,-1,2,2,5,0,0,2,2,3,0,0,2,8,1.1,10,5,-1
19217201,800010,192172010401,19217201040103,19217201040102,19217201040104,19,4,1,3,5,905.1347969,720.3284768,1183.17314,990.2109639,1566.51859,1281.678285,0,1,13,17,1,-1,3,-1,-1,-1,2,2,3,0,0,2,2,3,0,0,2,8,0.0,0,-2,-1
19217201,800010,192172010401,19217201040104,19217201040103,19217201040105,19,4,1,4,5,905.1347969,720.3284768,1183.17314,990.2109639,1566.51859,1281.678285,0,17,1,17,-1,-1,3,-1,-1,-1,2,2,3,0,0,2,2,6,0,0,2,8,1.0,0,15,-1
19217201,800010,192172010401,19217201040105,19217201040104,19217201040106,19,4,1,5,5,905.1347969,720.3284768,1183.17314,990.2109639,1566.51859,1281.678285,0,17,17,1,-1,-1,3,-1,-1,-1,2,2,6,0,0,1,1,14,0,0,3,2,7.9000001,25,15,-1
19217201,800010,192172010401,19217201040106,19217201040105,-1,19,4,1,6,5,905.1347969,720.3284768,1183.17314,990.2109639,1566.51859,1281.678285,0,1,17,-1,2,-1,11,-1,-1,-1,1,1,14,0,0,1,1,14,0,0,1,4,0.1,0,0,-1
19217201,800010,192172010402,19217201040201,-1,19217201040202,19,4,2,1,5,905.1347969,720.3284768,1183.17314,990.2109639,1566.51859,1281.678285,0,1,-1,17,2,-1,3,-1,-1,-1,1,1,14,0,0,1,1,14,0,0,1,4,0.1,0,0,-1
19217201,800010,192172010402,19217201040202,19217201040201,19217201040203,19,4,2,2,5,905.1347969,720.3284768,1183.17314,990.2109639,1566.51859,1281.678285,0,17,1,17,-1,-1,3,-1,-1,-1,1,1,14,0,0,2,2,6,0,0,3,5,7.9000001,25,15,-1
19217201,800010,192172010402,19217201040203,19217201040202,19217201040204,19,4,2,3,5,905.1347969,720.3284768,1183.17314,990.2109639,1566.51859,1281.678285,0,17,17,1,-1,-1,3,-1,-1,-1,2,2,6,0,0,2,2,3,0,0,2,8,1.0,0,15,-1
19217201,800010,192172010402,19217201040204,19217201040203,19217201040205,19,4,2,4,5,905.1347969,720.3284768,1183.17314,990.2109639,1566.51859,1281.678285,0,1,17,13,0,-1,2,-1,-1,-1,2,2,3,0,0,2,2,3,0,0,2,8,0.0,0,-2,-1
19217201,800010,192172010402,19217201040205,19217201040204,19217201040206,19,4,2,5,5,905.1347969,720.3284768,1183.17314,990.2109639,1566.51859,1281.678285,0,13,1,1,-1,-1,2,-1,-1,-1,2,2,3,0,0,2,2,5,0,0,2,8,1.1,10,5,-1
19217201,800010,192172010402,19217201040206,19217201040205,-1,19,4,2,6,5,905.1347969,720.3284768,1183.17314,990.2109639,1566.51859,1281.678285,0,1,13,-1,2,-1,11,-1,-1,-1,2,2,5,0,0,2,2,5,0,0,2,8,0.0,0,-2,-1
19217201,800011,192172010501,19217201050101,-1,19217201050102,19,5,1,1,5,905.1347969,794.7315215,1183.17314,1078.712425,1566.51859,1599.536895,0,1,-1,13,1,-1,2,-1,-1,-1,2,2,5,0,0,2,2,5,0,0,2,8,0.0,0,-2,-1
19217201,800011,192172010501,19217201050102,19217201050101,19217201050103,19,5,1,2,5,905.1347969,794.7315215,1183.17314,1078.712425,1566.51859,1599.536895,0,13,1,1,-1,-1,2,-1,-1,-1,2,2,5,0,0,1,1,2,0,0,3,2,7.1999998,40,10,-1
19217201,800011,192172010501,19217201050103,19217201050102,-1,19,5,1,3,5,905.1347969,794.7315215,1183.17314,1078.712425,1566.51859,1599.536895,0,1,13,-1,0,-1,11,-1,-1,-1,1,1,2,0,0,1,1,2,0,0,1,4,0.0,0,-2,-1
19217201,800011,192172010502,19217201050201,-1,19217201050202,19,5,2,1,5,905.1347969,794.7315215,1183.17314,1078.712425,1566.51859,1599.536895,0,1,-1,13,0,-1,2,-1,-1,-1,1,1,2,0,0,1,1,2,0,0,1,4,0.0,0,-2,-1
19217201,800011,192172010502,19217201050202,19217201050201,19217201050203,19,5,2,2,5,905.1347969,794.7315215,1183.17314,1078.712425,1566.51859,1599.536895,0,13,1,1,-1,-1,2,-1,-1,-1,1,1,2,0,0,2,2,5,0,0,3,5,7.1999998,45,5,-1
19217201,800011,192172010502,19217201050203,19217201050202,-1,19,5,2,3,5,905.1347969,794.7315215,1183.17314,1078.712425,1566.51859,1599.536895,0,1,13,-1,1,-1,11,-1,-1,-1,2,2,5,0,0,2,2,5,0,0,2,8,0.0,0,-2,-1
19362301,800012,193623010101,19362301010101,-1,19362301010102,19,1,1,1,29,790.7865673,736.5237686,1122.150177,954.0582672,0.0,0.0,0,1,-1,17,4,-1,3,-1,-1,-1,3,3,29,0,0,3,3,29,0,0,4,8,0.2,5,0,-1
19362301,800012,193623010101,19362301010102,19362301010101,19362301010103,19,1,1,2,29,790.7865673,736.5237686,1122.150177,954.0582672,0.0,0.0,0,17,1,1,-1,-1,3,-1,-1,-1,3,3,29,0,0,2,2,1,0,0,6,3,16.6,50,15,-1
19362301,800012,193623010101,19362301010103,19362301010102,-1,19,1,1,3,29,790.7865673,736.5237686,1122.150177,954.0582672,0.0,0.0,0,1,17,-1,6,-1,11,-1,-1,-1,2,2,1,0,0,2,2,1,0,0,2,8,0.30000001,5,0,-1
19362301,800012,193623010102,19362301010201,-1,19362301010202,19,1,2,1,29,790.7865673,736.5237686,1122.150177,954.0582672,0.0,0.0,0,1,-1,17,6,-1,3,-1,-1,-1,2,2,1,0,0,2,2,1,0,0,2,8,0.30000001,5,0,-1
19362301,800012,193623010102,19362301010202,19362301010201,19362301010203,19,1,2,2,29,790.7865673,736.5237686,1122.150177,954.0582672,0.0,0.0,0,17,1,1,-1,-1,3,-1,-1,-1,2,2,1,0,0,3,3,29,0,0,6,7,16.6,50,15,-1
19362301,800012,193623010102,19362301010203,19362301010202,-1,19,1,2,3,29,790.7865673,736.5237686,1122.150177,954.0582672,0.0,0.0,0,1,17,-1,4,-1,11,-1,-1,-1,3,3,29,0,0,3,3,29,0,0,4,8,0.2,5,0,-1
19362301,800013,193623010201,19362301020101,-1,19362301020102,19,2,1,1,29,790.7865673,844.5358339,1122.150177,1303.092105,0.0,0.0,0,1,-1,17,4,-1,3,-1,-1,-1,3,3,29,0,0,3,3,29,0,0,4,8,0.2,5,0,-1
19362301,800013,193623010201,19362301020102,19362301020101,19362301020103,19,2,1,2,29,790.7865673,844.5358339,1122.150177,1303.092105,0.0,0.0,0,17,1,1,-1,-1,3,-1,-1,-1,3,3,29,0,0,2,2,1,0,0,6,3,16.6,50,15,-1
19362301,800013,193623010201,19362301020103,19362301020102,-1,19,2,1,3,29,790.7865673,844.5358339,1122.150177,1303.092105,0.0,0.0,0,1,17,-1,6,-1,11,-1,-1,-1,2,2,1,0,0,2,2,1,0,0,2,8,0.30000001,5,0,-1
19362301,800013,193623010202,19362301020201,-1,19362301020202,19,2,2,1,29,790.7865673,844.5358339,1122.150177,1303.092105,0.0,0.0,0,1,-1,17,6,-1,3,-1,-1,-1,2,2,1,0,0,2,2,1,0,0,2,8,0.30000001,5,0,-1
19362301,800013,193623010202,19362301020202,19362301020201,19362301020203,19,2,2,2,29,790.7865673,844.5358339,1122.150177,1303.092105,0.0,0.0,0,17,1,1,-1,-1,3,-1,-1,-1,2,2,1,0,0,3,3,29,0,0,6,7,16.6,50,15,-1
19362301,800013,193623010202,19362301020203,19362301020202,-1,19,2,2,3,29,790.7865673,844.5358339,1122.150177,1303.092105,0.0,0.0,0,1,17,-1,4,-1,11,-1,-1,-1,3,3,29,0,0,3,3,29,0,0,4,8,0.2,5,0,-1
