OP	OPID	Mode	HHPers_DANS24	HHSam_DANS24	HHLft1_DANS24	HHLft2_DANS24	HHLft3_DANS24	HHLft4_DANS24	Wogem_DANS24	Sted	GemGr	Prov	Corop	Geslacht	KLeeft	BetWerk	OnbBez_DANS24	MaatsPart_DANS24	Opleiding_DANS24	HHGestInkG	HHRijbewijsAu	HHRijbewijsMo	HHRijbewijsBr	OPRijbewijsAu	OPRijbewijsMo	OPRijbewijsBr	HHAuto_DANS24	HHAutoL_DANS24	OPAuto_DANS24	BrandstofPa1_DANS24	KBouwjaarPa1_DANS24	KGewichtPa1_DANS24	BrandstofPa2_DANS24	KBouwjaarPa2_DANS24	KGewichtPa2_DANS24	BrandstofPaL_DANS24	KBouwjaarPaL_DANS24	KGewichtPaL_DANS24	HHMotor_DANS24	HHBrSn_DANS24	HHEFiets_DANS24	HHBezitVm_DANS24	OPBezitVm_DANS24	FqLopen	FqNEFiets	FqEFiets	FqBTM	FqTrein	FqAutoB	FqAutoP	FqMotor	FqBrSnor	OVStKaart	WrkVervw	WrkVerg	VergVast	VergKm	VergBrSt	VergOV	VergAans	VergVoer	VergBudg	VergFisc	VergPark	VergStal	VergAnd	BrbWrk	RdWrkA	RdWrkB	BrbOnd	RdOndA	RdOndB	BrbSup	RdSupA	RdSupB	BrbZiek	RdZiekA	RdZiekB	BrbArts	RdArtsA	RdArtsB	BrbStat	RdStatA	RdStatB	BrbHalte	RdHalteA	RdHalteB	BrbFam	RdFamA	RdFamB	BrbSport	RdSportA	RdSportB	Jaar	Maand	Week	Dag	Weekdag	Feestdag	Weggeweest	RedenNW	RedenNWZ	RedenNWW	RedenNWB	AantVpl_DANS24	AantOVVpl_DANS24	AantSVpl_DANS24	EFiets	AutoEig	AutoHhL	AutoLWg	AutoLPl	AutoBed	AutoDOrg	AutoDPart	AutoDBek	AutoLeen	AutoHuur	AutoAnd	ByzDag	ByzAdr	ByzVvm	ByzTyd	ByzDuur	ByzRoute	ByzReden	ReisduurOP	AfstandOP	AfstandSOP	Verpl	VerplID	VerplNr	Toer	AantRit	Doel	MotiefV	KMotiefV	MeerWink	AardWerk	VertLoc	VertGeb	VertPC_PRAM	VertGem_DANS24	VertProv	VertCorop	AankGeb	AankPC_PRAM	AankGem_DANS24	AankProv	AankCorop	GemG_DANS24	AfstV	KAfstV	Hvm	HvmRol	KHvm	VertUur	VertMin	KVertTijd	AankUur	AankMin	Reisduur	KReisduur	ActDuur	Kind6	VolgWerk	SAantAdr	SDezPlts	AfstS	AfstSBL	SVvm1	SVvm2	SVvm3	SVvm4	SBegUur	SBegMin	SEindUur	SEindMin	CorrVerpl	GehBLVer	Rit	RitID	RitNr	AfstR	AfstRBL	KAfstR	Rvm	RvmRol	RAantIn	KRvm	RVertUur	RVertMin	RAankUur	RAankMin	RReisduur	RReisduurBL	RTSamen	RCorrSnelh	RVliegVer	FactorH	FactorP	FactorV
1	900001	1	3	2	0	0	0	2	1581	4	5	7	17	1	17	3	1	3	3	10	2	1	2	0	0	1	1	0	1	3	3	2	6	5	4	6	3	4	0	0	0	2	0	2	3	2	5	4	6	5	5	5	4	4	0	2	2	2	2	2	0	2	2	2	2	0	4	14	14	6	14	14	1	13	13	6	13	13	1	13	13	1	14	14	1	13	13	1	14	14	1	13	13	2024	10	20	13	3	0	1	0	0	0	0	2	0	0	5	1	2	4	4	2	2	2	4	2	4	4	2	3	3	3	3	3	11	30	32	0	""	35573288985801	1	0	1	12	6	4	0	12	1	0	3056	599	9	36	0	3704	355	7	17	0	30	4	1	4	6	7	15	4	7	15	30	4	30	0	9	#NULL!	#NULL!	#NULL!	#NULL!	#NULL!	#NULL!	#NULL!	#NULL!	#NULL!	#NULL!	#NULL!	#NULL!	0	0	1	3501293678580101	1	20	0	6	1	1	11	1	8	0	10	0	30	0	13	0	0	29	57	50886
1	900002	1	2	4	0	0	0	2	599	1	3	9	26	1	8	0	0	5	3	8	2	0	2	1	0	1	2	0	1	3	1	2	6	5	3	1	2	4	0	0	1	2	1	2	2	5	4	5	1	2	5	5	0	12	3	2	2	2	2	2	2	0	2	2	2	2	1	14	14	5	14	14	6	13	13	1	13	13	6	14	14	1	14	14	6	14	13	1	13	13	1	14	14	2024	2	6	14	2	0	1	0	0	0	0	2	0	0	5	4	4	4	2	4	4	2	4	4	2	4	2	1	3	3	3	2	11	49	100	0	""	35098298495801	1	1	1	8	7	7	3	12	1	0	5688	1581	7	17	0	0000	9999	11	29	0	20	3	1	4	6	8	0	4	8	0	10	2	25	0	9	#NULL!	#NULL!	#NULL!	#NULL!	#NULL!	#NULL!	#NULL!	#NULL!	#NULL!	#NULL!	#NULL!	#NULL!	0	0	1	3557328898580101	1	50	0	4	9	4	2	5	7	15	7	15	5	0	13	0	0	32	98	20988
1	900003	1	2	2	0	1	0	2	823	1	8	11	29	2	12	0	6	2	3	7	1	0	2	1	1	1	2	1	1	3	2	3	6	5	4	6	3	4	0	0	0	1	0	2	1	5	3	5	2	2	5	5	4	12	3	2	1	2	2	2	2	2	1	2	2	2	1	13	13	5	14	14	1	13	14	1	14	14	1	13	13	5	13	13	1	13	13	1	13	13	1	13	13	2024	3	9	27	6	0	1	0	0	0	0	4	0	0	1	1	2	2	4	4	4	4	2	4	4	2	2	3	3	3	3	3	11	40	100	0	""	35297788895801	1	0	1	11	7	5	3	12	1	0	3704	355	11	17	0	3054	599	99	17	0	2	6	9	1	1	15	30	5	10	5	20	5	365	0	9	#NULL!	#NULL!	#NULL!	#NULL!	#NULL!	#NULL!	#NULL!	#NULL!	#NULL!	#NULL!	#NULL!	#NULL!	0	0	1	3594897879580101	1	2	0	1	9	1	11	1	9	30	8	25	10	0	13	0	0	70	65	63766
1	900004	1	2	3	0	0	0	2	355	2	5	7	17	1	2	3	1	5	2	9	2	0	2	1	0	1	1	0	0	3	2	3	6	1	4	6	3	3	0	0	1	2	1	1	2	3	5	4	2	5	4	5	4	2	1	2	2	2	2	0	2	2	2	2	2	2	6	13	13	4	14	14	1	14	13	1	13	13	1	13	13	6	13	13	1	13	14	1	13	13	1	13	13	2024	12	43	6	1	0	1	0	0	0	0	2	0	0	5	4	4	2	4	4	2	4	2	2	4	4	2	3	2	2	2	3	11	10	40	0	""	35948978795801	1	0	1	7	11	7	0	12	1	0	2544	823	9	26	0	5688	355	7	36	0	50	1	9	4	1	8	30	3	15	25	15	3	15	0	9	#NULL!	#NULL!	#NULL!	#NULL!	#NULL!	#NULL!	#NULL!	#NULL!	#NULL!	#NULL!	#NULL!	#NULL!	0	0	1	3509829849580101	1	30	0	3	8	4	1	6	15	30	8	50	20	0	13	0	0	33	174	35755
1	900005	1	3	2	0	0	1	1	518	4	8	9	36	1	17	5	0	2	5	3	2	0	1	1	0	0	1	0	0	3	5	1	3	5	4	6	3	4	0	0	1	1	1	1	5	4	5	5	3	1	5	5	4	13	3	0	2	2	2	2	2	2	2	2	0	2	4	14	14	4	14	14	1	13	13	1	13	13	1	13	13	1	13	13	1	13	13	6	13	13	6	13	13	2024	5	50	1	7	0	1	0	0	0	0	3	0	0	5	4	4	4	2	2	4	4	4	4	2	2	1	3	3	3	3	3	1	60	60	0	""	35012936785801	1	0	1	8	10	4	3	12	1	0	3971	518	7	29	0	3701	823	9	99	0	20	3	8	1	5	9	0	8	8	50	5	7	90	0	9	#NULL!	#NULL!	#NULL!	#NULL!	#NULL!	#NULL!	#NULL!	#NULL!	#NULL!	#NULL!	#NULL!	#NULL!	0	0	1	3529778889580101	1	20	0	3	1	4	11	6	8	0	15	5	15	0	13	0	0	58	139	23718
0	900001	1	2	2	0	0	0	2	599	1	8	9	29	1	17	0	1	5	2	8	2	0	2	1	0	1	1	0	1	3	2	2	6	5	4	6	3	4	0	0	0	2	1	2	5	5	4	5	2	5	5	5	4	12	3	2	2	2	2	2	2	2	2	2	2	2	4	14	14	4	14	14	1	13	13	1	13	13	1	13	13	5	14	14	1	13	13	1	13	13	1	13	13	2024	12	50	14	7	0	1	0	0	0	0	2	0	0	5	1	2	2	2	2	2	2	2	2	2	2	2	3	3	3	3	3	11	10	40	0	1	35012936785801	1	0	1	8	7	4	0	12	1	0	3056	599	9	29	0	3054	599	9	29	0	20	3	1	1	1	8	0	4	8	5	5	2	25	0	9	#NULL!	#NULL!	#NULL!	#NULL!	#NULL!	#NULL!	#NULL!	#NULL!	#NULL!	#NULL!	#NULL!	#NULL!	0	0	1	3501293678580101	1	20	0	3	1	1	2	1	8	0	8	5	5	0	13	0	0	29	57	20988
0	900001	1	2	2	0	0	0	2	599	1	8	9	29	1	17	0	1	5	2	8	2	0	2	1	0	1	1	0	1	3	2	2	6	5	4	6	3	4	0	0	0	2	1	2	5	5	4	5	2	5	5	5	4	12	3	2	2	2	2	2	2	2	2	2	2	2	4	14	14	4	14	14	1	13	13	1	13	13	1	13	13	5	14	14	1	13	13	1	13	13	1	13	13	2024	12	50	14	7	0	1	0	0	0	0	2	0	0	5	1	2	2	2	2	2	2	2	2	2	2	2	3	3	3	3	3	11	10	40	0	1	35012936785802	2	0	1	1	7	4	3	12	4	0	3054	599	9	29	0	3054	599	9	29	0	20	3	1	1	1	8	30	4	8	35	5	2	#NULL!	0	9	#NULL!	#NULL!	#NULL!	#NULL!	#NULL!	#NULL!	#NULL!	#NULL!	#NULL!	#NULL!	#NULL!	#NULL!	0	0	1	3501293678580201	1	20	0	3	1	1	2	1	8	30	8	35	5	0	13	0	0	29	57	20988
0	900002	1	2	2	0	0	0	2	355	2	5	7	17	2	8	3	0	2	3	9	2	0	2	1	0	1	2	1	0	3	5	1	6	5	4	1	2	3	0	0	1	1	0	1	3	2	3	4	3	2	5	5	0	2	1	0	1	2	2	0	0	0	1	2	0	0	1	13	13	5	14	14	1	13	13	1	13	13	1	13	13	1	13	13	1	13	13	1	13	13	1	13	13	2024	5	20	13	2	0	1	0	0	0	0	3	0	0	1	4	4	4	4	4	4	4	4	4	4	4	2	3	3	3	3	3	11	40	100	0	1	35098298495801	1	1	1	11	10	7	3	12	1	0	3704	355	7	17	0	3704	355	7	17	0	20	3	9	4	6	7	30	3	7	50	20	5	30	0	9	#NULL!	#NULL!	#NULL!	#NULL!	#NULL!	#NULL!	#NULL!	#NULL!	#NULL!	#NULL!	#NULL!	#NULL!	0	0	1	3509829849580101	1	20	0	3	9	4	11	6	7	30	7	50	20	0	13	0	0	32	65	23718
0	900002	1	2	2	0	0	0	2	355	2	5	7	17	2	8	3	0	2	3	9	2	0	2	1	0	1	2	1	0	3	5	1	6	5	4	1	2	3	0	0	1	1	0	1	3	2	3	4	3	2	5	5	0	2	1	0	1	2	2	0	0	0	1	2	0	0	1	13	13	5	14	14	1	13	13	1	13	13	1	13	13	1	13	13	1	13	13	1	13	13	1	13	13	2024	5	20	13	2	0	1	0	0	0	0	3	0	0	1	4	4	4	4	4	4	4	4	4	4	4	2	3	3	3	3	3	11	40	100	0	1	35098298495802	2	0	1	2	1	1	3	12	4	0	3704	355	7	17	0	3584	344	7	17	0	40	5	7	4	5	8	20	4	8	30	10	3	525	0	1	#NULL!	#NULL!	#NULL!	#NULL!	#NULL!	#NULL!	#NULL!	#NULL!	#NULL!	#NULL!	#NULL!	#NULL!	0	0	1	3509829849580201	1	40	0	5	7	4	11	5	8	20	8	30	10	0	13	0	0	32	65	23718
0	900002	1	2	2	0	0	0	2	355	2	5	7	17	2	8	3	0	2	3	9	2	0	2	1	0	1	2	1	0	3	5	1	6	5	4	1	2	3	0	0	1	1	0	1	3	2	3	4	3	2	5	5	0	2	1	0	1	2	2	0	0	0	1	2	0	0	1	13	13	5	14	14	1	13	13	1	13	13	1	13	13	1	13	13	1	13	13	1	13	13	1	13	13	2024	5	20	13	2	0	1	0	0	0	0	3	0	0	1	4	4	4	4	4	4	4	4	4	4	4	2	3	3	3	3	3	11	40	100	0	1	35098298495803	3	0	1	1	1	1	3	12	3	0	3584	344	7	17	0	3704	355	7	17	0	40	5	7	4	5	17	15	10	17	25	10	3	#NULL!	0	9	#NULL!	#NULL!	#NULL!	#NULL!	#NULL!	#NULL!	#NULL!	#NULL!	#NULL!	#NULL!	#NULL!	#NULL!	0	0	1	3509829849580301	1	40	0	5	7	4	11	5	17	15	17	25	10	0	13	0	0	32	65	23718
0	900003	1	3	4	0	1	0	1	518	1	8	9	26	1	2	5	6	3	5	3	1	0	1	0	0	0	1	0	0	3	1	3	6	5	4	6	3	4	0	0	0	2	0	2	2	5	5	5	6	1	5	5	4	13	3	2	2	2	2	2	2	2	2	2	2	2	6	14	14	6	14	14	6	14	14	6	14	14	6	14	14	6	14	14	6	14	14	6	14	14	6	14	14	2024	2	6	6	3	0	1	0	0	0	0	4	0	0	5	4	4	4	4	4	4	4	4	4	4	4	2	3	3	3	3	3	11	49	32	0	1	35297788895801	1	0	1	7	6	5	3	12	1	0	2544	518	9	26	0	0000	9999	99	99	0	2	1	9	4	6	8	15	4	8	25	10	3	365	0	9	#NULL!	#NULL!	#NULL!	#NULL!	#NULL!	#NULL!	#NULL!	#NULL!	#NULL!	#NULL!	#NULL!	#NULL!	0	0	1	3529778889580101	1	2	0	1	9	4	11	6	8	15	8	25	10	0	13	0	0	58	174	63766
0	900003	1	3	4	0	1	0	1	518	1	8	9	26	1	2	5	6	3	5	3	1	0	1	0	0	0	1	0	0	3	1	3	6	5	4	6	3	4	0	0	0	2	0	2	2	5	5	5	6	1	5	5	4	13	3	2	2	2	2	2	2	2	2	2	2	2	6	14	14	6	14	14	6	14	14	6	14	14	6	14	14	6	14	14	6	14	14	6	14	14	6	14	14	2024	2	6	6	3	0	1	0	0	0	0	4	0	0	5	4	4	4	4	4	4	4	4	4	4	4	2	3	3	3	3	3	11	49	32	0	1	35297788895802	2	0	1	1	6	5	3	12	4	0	0000	9999	99	99	0	2544	518	9	26	0	2	1	9	4	6	14	30	8	14	42	12	3	48	0	9	#NULL!	#NULL!	#NULL!	#NULL!	#NULL!	#NULL!	#NULL!	#NULL!	#NULL!	#NULL!	#NULL!	#NULL!	0	0	1	3529778889580201	1	2	0	1	9	4	11	6	14	30	14	42	12	0	13	6	0	58	174	63766
0	900003	1	3	4	0	1	0	1	518	1	8	9	26	1	2	5	6	3	5	3	1	0	1	0	0	0	1	0	0	3	1	3	6	5	4	6	3	4	0	0	0	2	0	2	2	5	5	5	6	1	5	5	4	13	3	2	2	2	2	2	2	2	2	2	2	2	6	14	14	6	14	14	6	14	14	6	14	14	6	14	14	6	14	14	6	14	14	6	14	14	6	14	14	2024	2	6	6	3	0	1	0	0	0	0	4	0	0	5	4	4	4	4	4	4	4	4	4	4	4	2	3	3	3	3	3	11	49	32	0	1	35297788895803	3	0	1	8	7	4	0	12	1	0	2544	518	9	26	0	2542	518	9	26	0	8	2	8	4	5	15	30	8	15	45	15	4	45	0	9	#NULL!	#NULL!	#NULL!	#NULL!	#NULL!	#NULL!	#NULL!	#NULL!	#NULL!	#NULL!	#NULL!	#NULL!	0	0	1	3529778889580301	1	8	0	2	8	4	11	5	15	30	15	45	15	0	13	4	0	58	174	63766
0	900003	1	3	4	0	1	0	1	518	1	8	9	26	1	2	5	6	3	5	3	1	0	1	0	0	0	1	0	0	3	1	3	6	5	4	6	3	4	0	0	0	2	0	2	2	5	5	5	6	1	5	5	4	13	3	2	2	2	2	2	2	2	2	2	2	2	6	14	14	6	14	14	6	14	14	6	14	14	6	14	14	6	14	14	6	14	14	6	14	14	6	14	14	2024	2	6	6	3	0	1	0	0	0	0	4	0	0	5	4	4	4	4	4	4	4	4	4	4	4	2	3	3	3	3	3	11	49	32	0	1	35297788895804	4	0	1	1	7	4	3	12	4	0	2542	518	9	26	0	2544	518	9	26	0	20	3	8	4	5	16	30	9	16	42	12	3	#NULL!	0	9	#NULL!	#NULL!	#NULL!	#NULL!	#NULL!	#NULL!	#NULL!	#NULL!	#NULL!	#NULL!	#NULL!	#NULL!	0	0	1	3529778889580401	1	20	0	3	8	4	11	5	16	30	16	42	12	0	13	6	0	58	174	63766
0	900004	1	2	2	0	0	0	2	823	4	3	11	36	1	17	0	1	5	3	7	2	0	2	1	0	1	1	0	1	3	3	2	6	5	4	6	3	4	0	0	1	2	1	2	2	4	5	4	1	5	5	5	4	12	3	2	2	2	2	2	2	2	2	2	2	2	4	14	14	4	14	14	1	13	13	1	13	13	1	13	13	1	13	13	1	13	13	1	13	13	1	13	13	2024	10	43	27	1	0	1	0	0	0	0	2	0	0	5	4	4	4	4	4	4	4	4	4	4	4	2	3	3	3	3	3	11	60	60	0	1	35573288985801	1	0	1	12	11	7	3	12	1	0	5688	823	11	36	0	5688	823	11	36	0	30	4	8	4	5	9	30	5	10	0	30	7	90	0	9	#NULL!	#NULL!	#NULL!	#NULL!	#NULL!	#NULL!	#NULL!	#NULL!	#NULL!	#NULL!	#NULL!	#NULL!	0	0	1	3557328898580101	1	30	0	4	8	4	11	5	9	30	10	0	30	0	13	0	0	70	139	50886
0	900004	1	2	2	0	0	0	2	823	4	3	11	36	1	17	0	1	5	3	7	2	0	2	1	0	1	1	0	1	3	3	2	6	5	4	6	3	4	0	0	1	2	1	2	2	4	5	4	1	5	5	5	4	12	3	2	2	2	2	2	2	2	2	2	2	2	4	14	14	4	14	14	1	13	13	1	13	13	1	13	13	1	13	13	1	13	13	1	13	13	1	13	13	2024	10	43	27	1	0	1	0	0	0	0	2	0	0	5	4	4	4	4	4	4	4	4	4	4	4	2	3	3	3	3	3	11	60	60	0	1	35573288985802	2	0	1	1	11	7	3	12	4	0	5688	823	11	36	0	5688	823	11	36	0	30	4	8	4	5	11	30	5	12	0	30	7	#NULL!	0	9	#NULL!	#NULL!	#NULL!	#NULL!	#NULL!	#NULL!	#NULL!	#NULL!	#NULL!	#NULL!	#NULL!	#NULL!	0	0	1	3557328898580201	1	30	0	4	8	4	11	5	11	30	12	0	30	0	13	0	0	70	139	50886
0	900005	1	3	3	0	0	1	2	1581	4	5	7	17	1	12	3	0	2	3	10	2	1	2	1	1	1	2	0	1	3	2	3	3	1	3	6	3	4	0	0	1	1	1	1	1	3	5	5	2	2	4	5	4	4	0	2	2	2	2	2	2	2	2	2	2	2	1	13	13	5	14	14	1	13	13	1	13	13	1	13	13	1	13	13	1	13	13	1	13	13	1	13	13	2024	3	9	1	6	0	1	0	0	0	0	2	0	0	5	1	2	2	2	2	2	2	2	2	2	2	1	1	2	2	2	2	1	30	100	0	1	35948978795801	1	0	1	8	7	4	0	12	1	0	3971	1581	7	17	0	3701	355	7	17	0	50	6	1	1	1	15	0	8	15	15	15	4	15	0	9	#NULL!	#NULL!	#NULL!	#NULL!	#NULL!	#NULL!	#NULL!	#NULL!	#NULL!	#NULL!	#NULL!	#NULL!	0	0	1	3594897879580101	1	50	0	6	1	1	1	1	15	0	15	15	15	0	13	0	0	33	98	35755
0	900005	1	3	3	0	0	1	2	1581	4	5	7	17	1	12	3	0	2	3	10	2	1	2	1	1	1	2	0	1	3	2	3	3	1	3	6	3	4	0	0	1	1	1	1	1	3	5	5	2	2	4	5	4	4	0	2	2	2	2	2	2	2	2	2	2	2	1	13	13	5	14	14	1	13	13	1	13	13	1	13	13	1	13	13	1	13	13	1	13	13	1	13	13	2024	3	9	1	6	0	1	0	0	0	0	2	0	0	5	1	2	2	2	2	2	2	2	2	2	2	1	1	2	2	2	2	1	30	100	0	1	35948978795802	2	0	1	1	7	4	3	12	4	0	3701	355	7	17	0	3971	1581	7	17	0	50	6	1	1	1	15	30	8	15	45	15	4	#NULL!	0	9	#NULL!	#NULL!	#NULL!	#NULL!	#NULL!	#NULL!	#NULL!	#NULL!	#NULL!	#NULL!	#NULL!	#NULL!	0	0	1	3594897879580201	1	50	0	6	1	1	1	1	15	30	15	45	15	0	13	0	0	33	98	35755
